,Health,,,,,
,,,,,,
,"LogoOpen main menu
Close menu

Home
Companies
About Us
Contact Us
AMBULANCE
Health



ADDIS CARDIAC HOSPITAL PLC

251116634740



251116634741



251116634720



9825



251952343434




BMY MEDICAL TECHNOLOGIES PLC

251930025024



251930025054



251947858585



251947868686



9560



25915



info@bmymedtech.com



www.bmymedtech.com



GIRUM HOSPITAL

251-112757676



251-913557076



251-112755092



hospital@ethionet.et



SELAM MEDICAL SERVICE

251-115540441



251-115509689



1038



sec@ethionet.et



SELAM MULU HIGHER CLINIC

251-115530404



251-911185402



ST. PETER’S HOSPITAL

251-111236231



251-111236229



251-111230794



30178



stpetres63@gmail.com



TEBITA AMBULANCE

251-911225464



251-911641609



32170



tebita.ambulance@gmail.com



www.tebitaambulance.com



TIRITA HOME BASED HEALTH CARE AND AMBULANCE PLC

251-966020039



251-913193885



WUDASSIE DIAGNOSTIC CENTER

251-111574343



251-911240182



dayehailu@yahoo.com



www.wudassiediagnostic.com





Home
Companies
HOme
About
Contact",,,,,
,,,,,,
,,,,,,
,,,,,,
,,,,,,
,,,,,,
,,,,,,
,,,,,,
,,,,,,
,,,,,,
,,,,,,
,CLINICS,,,,,
,,,,,,
,"ARSHO MEDICAL LABORATORIES PLC

251114167089



251114672998



251911101818



251903127777



251114671647



3530



info@arsholab.com



www.arsholab.com",,,,,
,"DAN DENTAL CLINIC

251118686323



251988268987



251912190348



22 MAZORIA HIGHER CLINIC

251-116614821



AB MEDIUM CLINIC

251-116457458



251-911203886



251-930078817



26688



ABA WOLDETENESAY MEDIUM CLINC

251-116526851



251-912095162



ABENET HIGHER CLINIC

251-116541747



abenetclinic@yahoo.com



ABUNE PETROS CLINIC

251-111119879



ABYSSINIA MEDIUM CLINIC

251-116294219



ADDIS ABABA POLY-CLINIC

251-115511965



251-115511956



ADDIS BISERAT ETE HIWOT

251-911230494



ADDIS EYE CARE CENTER

251-111559810



yidea@Tel:us.net



ADDISU MICHAEL HIGHER CLINIC

251-112780808



addisum@yahoo.com



ADENEWU MIDDEL CLINIC

251-911014028



ADERA HIGHER CLINIC

251-115546879



ADISU MICHAEL HIGHER CLINIC

251-911912749



ADUA HIGHER CLINIC

251-111116335



251-111563085



251-118400696



AFEI CLINIC

251-115540193



251-911425296



AFRICA CULTURAL CLINIC

251-917008177



AFRICAN DENTAL CLINIC

251-112751360



AHA PSYCHOLOGICAL SERVICES

251-116622437



251-940200454



info@ahaethhiopia.com



www.ahaethiopia.com",,,,,
,,,,,,
,,,,,,
,,,,,,
,"AL MENDI

251-115512143



ALEM DENTAL CLINIC

251-111111615



ALFA TRADITIONAL MEDICAL TREATMENT AND COUNSEL SERVICE

251-910868383



251-913363616



ALSHADAY CLINIC

251-112782738



AMANUEL HIGHER CLINIC

251-111576565



AMBASSADOR HIGHER CLINIC

251-115156565



AMBASSEL HIGHER CLINIC

251-116260439



AROMA HIGHER EYE CLINIC

251-911402131



251-911345692



ATLAS UNIVERSITY COLLEGE (DENTAL)

251-115549572



251-115549571/70



251-911478280



251-115549571



27573



atlasuniversity@ethionet.et



www.achs.edu.et



ATNAFIE

251-115516330



atnafie1@ethionet.et



ATNASIA HIGHER CLINIC

251-116262110



251-911406039



15892



moges7tm@yahoo.com



BANKS CLINIC

251-113720178



BEHAM CHILDREN CLINIC

251-114160411



BELAL MEDIUM CLINIC

251-911841808



6969



mekikeyar@gmail.com",,,,,
,,,,,,
,,,,,,
,,,,,,
,"BEREKT HIGER CLINIC

251-912610224



BERHANE DENTAL CLINIC

251-111567810



251-111117997



251-911661791



22676



BERUH VISION SPECIALIZED HIGHER EYE CLINIC

251-116463977



251-116463986



251-116463973



BETEZATHA CLINIC

251-115514470



BETHANYA HIGHER CLINIC

251-115540418



bethanyahcl@yahoo.com



BGM MEDICAL SERVICE

251-115526655



251-115511767



bgm@ethionet.et



BIHAM CLINIC

251-114160411



BILU NILE HIGHER CLINIC

251-116614351



251-116630271



BIRUH CLINIC

251-114431175



251-912605125



14843



mersisay41@gmail.com



BLUE DAS DENTAL CLINIC

251-116622336



BLUE NILE HIGHER CLINIC

251-116614351



251-116630272



251-116630271



251-116614742



5729



BOLE BRIDGE HIGHER CLINIC

251-115534270



BOLE CLINIC

251-116610496



BOLE HIGHER CLINIC

251-116610496



251-930109857



32/674



BOLE MEDHANEALEM MEDIUM CLINIC

251-116185066



www.bostonmedicalplc.com",,,,,
,,,,,,
,,,,,,
,,,,,,
,"BOSTEN MEDICAL PLC

251-116622827



251-116622828



251-116639291



23461



info@bostonmedicalplc.com



BROOK MEDICAL SERVICE PLC.

251-115513435



251-113725864



belayeabegaz@ethionet.et



CATHEDRAL HIGHER CLINIC

251-111110688



251-114667253



cath.sega@ethionet.et



CENTRAL CLINIC

251-111112350



251-115518855



msdae-2@ethionet.et



CHECHELA HIGHER CLINIC

251-115153046



251-913314468



251-116559180



chechelahigherclin@yahoo.com



CHOICE CHILDREN AND ADOLESCENT CLINIC.

251-116637641



251-911035247



CHRISTINA OESTETRICS GYNECOLOGY LEYU HIGHER CLINIC

251-115152020



251-115157777



251-115518877



2575



msdae_2@ethionet.et



ethio.africa@yahoo.co.uk



CRISTINA HIGHER CLINIC

251-115151500



251-115152020



DAGIM BERHAN MEDCAL SERVICE P.L.C

251-116457458



251-911203886



251-913333211



DAGIM YILMA HIGHER CLINIC

251-114669128/29



DASHEN CLINIC

251-116293773



DEBEBE EJETA CLINIC

251-116463416



DENBEL CLINIC

251-112362600



DILL MEDIUM CLINIC

251-913051013



DINA SNACK AND BAR

251-116633026



afrosenay@yahoo.com",,,,,
,,,,,,
,,,,,,
,,,,,,
,"DOGALI HIGHER CLINIC

251-111234424



DR BIRUK PRIVATE MEDICAL CONSULTANCY

251-911235007



251-922786437



www.birukorthopaed.com



Dr. ANTENEH ROBA (ZINNIA SKIN MEDICAL)

251-929922966



251-930035163



Dr. MIHRETU

251-913931136



Dr. SONG CHINESE CLINIC

251-116622374



251-911159889



DR. YAREGAL

251-911136435



DR.YESH HAREG

251-938041864



251-911489190



DUSAY CLINIC

251-118601190



ELNATHAN MEDIUM POLY CLINIC

251-113489630



251-911624595



251-91911214117



32805



EMMANUEL HIGHER CLINIC

251-111576565



emmanuel@ethionet.et",,,,,
,,,,,,
,,,,,,
,,,,,,
,"EMPIRE HIGHER CLINIC

251-116294080



eliaszkese@yahoo.com



ENAT CLINIC

251-911401350



ENDERASE CLINIC

251-115533930



ENDERASIE

251-115539130



nmesele2005@yahoo.com



ENGENDER HEALTH ETHIOPIA

251-116630833



ETHIO MEDICAL CENTER

251-118015870



251-911927981



54343



ETHIOLIFE LINE CONSULTANT

251-911571187



ETHIOMEDICAL CLINIC

251-118105870



ETHIOPIA AIR LINES CLINC

251-115178273



251-115178271



251-911231445



ETHIOPIA HIGHER CLINIC

251-111550088



251-111552241



251-115156250



31286



ETHIOVISION EYE CLINIC

251-115545050



EWEN HEALTH PLC

251-118293333



woyngeta@yahoo.com",,,,,
,,,,,,
,,,,,,
,,,,,,
,"FAMILY GUIDANCE ASS.OF ETHIOPIA

251-221111303



251-221126851



Adama



FANA DENTAL CLINIC

251-112757288



FASIKA CLINIC

251-112363947



FEWS CLINIC

251-111116976



251-111571221



FIKRE SELAM HIGHER CLINC

251-11665247



FIRST CHEROPRACTIC CLINIC

251-116182621/23



FLORENC MEDIUM CLINIC

251-911108741



GENET CLINIC

251-911404842



GERJI CLINIC

251-116296073



GEZZ INTERNATIONAL BUSINESS PLC

251-116610847



251-116180595



24532



chanyalewh@yahoo.com



www.michuplc.com



GIBE ST. GABRAEL HIGHER CLINIC

251-115151306



GLOBAL HIGHER CLINIC

251-116182623



GOFA GABRIEL MEDIUM CLINIC

251-114164819



251-114160009



GOJEB DENTAL CLINIC

251-111566521



251-111566296



251-111551843



22159



gojebh@ethionet.et",,,,,
,,,,,,
,,,,,,
,,,,,,
,"GRACE HIGHER CLINIC

251-118612707



251-922750491



HALLELUJAH HIGHER MED. CLINIC

251-115541069



251-111233798



251-115503676



301



HASSET H/ CLINIC

251-911211156



251-911045265



6100



HAYA HULETE HIGHER CLINC

251-116614825



251-116614821



HEALTH FIRST HIGHER CLINIC

251-116621298



251-911203961



HIWOT BERHAN HIGHER CLINIC

251-116615677



HIWOTE MOTHERS AND CHILD HIGHER CLINIC

251-911892018



ICON CLINIC (D/R TEDROS)

251-118693194



251-911864672



251-930109751



2107



tgedebou@doctor.com



gedeclue@yahoo.com



www.ethioplasticsurgery.com



INTERNATIONAL CARDIAVASCULAR AND MEDICAL CENTER

251-116613836



251-115526150



251-911448627



251-116639546



433



icas@ethionet.et



KANDAS INTERNATIONAL DENTAL CLINIC

251-910687123



KAZAHNCIS FAMILY HIGHER CLINIC

251-115534918



KIDIST MARIAM CLINIC

251-114653755



KIDIST SELASE CLINIC

251-911968922



KIDISTE MARIAM CLINIC

251-114653755",,,,,
,,,,,,
,,,,,,
,,,,,,
,"KIRKOS CLINIC

251-911688641



LEALEM HIGHER CLINIC

251-115523563



251-933693837



LONDON CLINIC

251-116293327



251-912624456



MALCHEW CLINIC

251-115519084



MARIE STOPES INTERNATIONAL ETHIOPIA

251-221120952





MARIE STOPES INTERNATIONALETHIOPIA

251-115152166



251-115509463



251-114167340



251-111552698



251-111550879



MARIE STOPES INTERNATIONAL ETHIOPIA

251-471112368



MARKOS HIGHER CLINIC

251-344409220



MARTI SPECIAL DENTAL CLINIC

251-116181262



MAYECHEW MEDIUM CLINIC

251-115519084



MEDPHARM INC (ICL)ETHIOPIA BRANCH

251-114671818



P.O.box:71Code1110



MEGENAGNA HIGHER CLINIC AND LABORATORY

251-116628903



251-116633904



MELESSE HAILU MEDIUM CLINIC

251-112751408



251-111553648



mhchekol@ethionet.et



MESI MEDIUM CLINIC

251-911412357



MESTAD DERMATOLOGY CLINIC

251-116634578



METERO HEALTH POST

251-331118709",,,,,
,,,,,,
,,,,,,
,,,,,,
,"MEXICO PLOY CLINIC

251-115159943



MIGBARE SENAYE HIGHER CLINIC

251-116615033



MIRAB BER MEDIUM CLINIC

251-112703003



MIRAF 2 HIGHERCLINIC PLC.

251-112593015



MISRAK ETHIO VISION

251-115159763



MRC-ET MOLECULAR DIAGNOSTICS

251-116394118



251-910678594



251-116394096



P.O.box:80593



info@mrc-et.com



www.mrc-et.com



NATIONAL CLINIC

251-251113876



DireDawa



NEW ERA CLINIC

251-256671201



Harar



NIAT SPECIALIZED CLINIC

251-115514985



251-115523288



OTHRHINO ENT CLINIC

251-116456172



P.O.box:2382



othrhino@ethionet.et



OTORINO MEDICAL CLINIC

251-118502473



PAMI CHILD HIGHER CLINIC

251-118630120



251-922103067



PANORAMA MEDICAL CENTER

251-114651566



251-114165800



medicom@ethionet.et",,,,,
,,,,,,
,,,,,,
,,,,,,
,,,,,,
,"PARAGON CLINIC

251-116461108/22



251-118608393



251-113722829/30



PAULOS MEKBIB MEMORIAL INTERNATINAL HIGHER CLINIC

251-112793064



251-911350795



P.O.box:42860



PIONEER DIAGNOSTIC CENTER PLC.

251-116183335/36



251-116183335



elizabeth.bekele@pdcet.com



PLANT HEALTH CLINIC

251-256660798



Harar,



POLY CLINIC OF ADDIS ABABA

251-115511965



251-911152736



251-115511965



P.O.box:2435



RABEE HIGHER CLINIC

251-115533809



taybakasmi@hotmail.com



SAHILE SILASE ARAYA DENTAL CLINIC

Te251-116185609



251-113204080/50



SAMIRY NEUED SPECIAL EYE CLINIC

251-115512538



251-115515681



SARON HIGHER HOSPITAL

251-911249528



SAYMEN MEDICAL CLINIC P.L.C

251-920741126



SELAM HEALTH CARE PLC

251-113210918



251-113214231



P.O.box:1038



shc@ethionet.et",,,,,
,,,,,,
,,,,,,
,,,,,,
,,,,,,
,,,,,,
,"SELAM MEDICAL SERVICE

251-115540441



251-115509689



P.O.box:1038



sec@ethionet.et



SEMA MOTHERS & CHILDREN HIGHER CLINIC

251-116628011



251-911666770



SEMIT INTERNATIONAL CLINIC

251-118601678



251-911572905



SENA MOKSH WOMEN’S HEALTH SPECAL HIGHER CLINIC

251-115528407



251-922535667



SENAY HIGHER CLINIC

251-911406206



SENAY MEDICAL CENTER

251-114661421



251-114661422



251-114668629



251-114668630



P.O.box:26655



senayclinic@ethionet.et



SHEBELE HIGHER CLINIC

251-115525330



SHEFAW MEDIUM CLINIC

251-116183225



SHEGER HIGHER CLINIC

251-111112910



251-911609473



dberesa@gmail.com



SHOA MEDUIM CLINIC

251-116183225



P.O.box:13591



SIWITRAL MEDIUM CLINIC

251-911476046



ST. RAPHAEL CLINIC

251-116621045



251-910412644



ST. URAEL HIGHER CLINIC

251-913349301



ST. YOSPEH H.CLINIC

251-115153240



P.O.box:7429



ttesfaye6@yahoo.com



STADIUM CLINICS

251-115530068



251-112774787



www.wudassiediagnostic.com



T/HAIMANOT HIGHER CLINIC

251-111115501



251-111572435



teklehimanotclinic@yahoo.com



T/HAIMANOT POLY CLINIC

251-111351424



TAZMA HIGHER CLINIC

251-114163335



251-114654847



TEKLEHAIMANOT HIGHER CLINIC

251-111115501



251-111112198



251-911235528



251-111572435



teklehimanotclinic@yahoo.com



TEMKINEL AFIYA

251-471110775



Jimma



TERO MIDUM CLINIC

251-112798991



TESFA HIGHER CLINIC

251-111570232



TESFA KOKEB HIGHER CLINIC

251-115517813



TESFAMARIAM HIGHER CLINIC PLC.

251-116461857



emnete@ethionet.et



TINSAE MEDIUM CLINIC

251-115541483



TIRITA HOME BASED HEALTH CARE AND AMBULANCE PLC

251-965500000



UNIVERSAL CLINIC PLC.

251-115515794



WASHINGTON MEDICAL CENTER

251-116635969



251-939515151



251-931525252



www.washingtonmed.net



WUDASSIE DIAGNOSTIC CENTER

251-111574343



251-911240182



dayehailu@yahoo.com



YEJU MEDIUM CLINIC

251-911488427



ZHONG RUI CHINESE CLINIC

251-911086423



ZINNIA AESTHETICS AND

ANTI-AGING CLINIC

251-118681624



251-929922966



www.zinniaaesthetics.com



ZOWI MEDIUM CLINIC

251-114665611



ZYGOMA MOUTH & BONE CLINIC

251-911388564



251-912916009


Home",,,,,
,,,,,,
,,,,,,
,,,,,,
,,,,,,
,,,,,,
,,,,,,
,"LogoOpen main menu
Close menu

Home
Companies
About Us
Contact Us
HEALTH CENTER
Health



REDAT HEALTH CARE P.L.C

251116630804



251116151822



9477



251988181822



USA1833MD



contact@redat-et.com



www.redat-et.com



AKAKAI HEALTH CENTER

251-114341654



AMORAW HEALTH CENTER

251-924441803



251-911839394



ARADA HEALTH CENTER

251-111557294



251-912047912



BEATA HEALTH CENTER

251-115512710



251-911063494



BOLE 17 HEATH CENTER

251-116187793



BULBULA HEALTH CENTER

251-118403069



251-911486384



FERES MEDA WEREDA 05 HEALTH CENTER

251-118963484



251-911855685



HIWOT AMBA WEREDA 06 HEALTH CENTER

251-118963817



251-118963818



251-118963819



251-912163680



KEBENA HEALTH CENTER

251-111235607



251-911433537



KIRKOS HEALTH CENTER

251-118494319



251-911363772



MERI HEALTH CENTER

251-118622978



251-921618901



MESHOLEKIYA HEALTH CENTER

251-114662792



251-912162816



SEMEN HEALTH CENTER

251-111580752



251-111565868



251-911063494



SEMIT HEALTH CENTER

251-118622979



251-912907376



SHIRO MEDA HEALTH CENTER

251-111236662



ST. GEBREL CATHOLIC HEALTH CENTER

251-114394534



WEREDA 03 GOTERA MASALECHA HEALTH CENTER

251-118963676



251-918452027



WEREDA 03 HEALTH CENTER

251-118955395



WEREDA 13 HEALTH CENTER

251-118674735



251-913198844



WEREDA 17/20 HEALTH CENTER

251-116636363




Home
Companies
HOme
About
Contact",,,,,
,,,,,,
,,,,,,
,,,,,,
,,,,,,
,,,,,,
,,,,,,
,,,,,,
,,,,,,
,,,,,,
,,,,,,
,,,,,,
,,,,,,
,,,,,,
,,,,,,
,,,,,,
,,,,,,
,,,,,,
,,,,,,
,,,,,,
,HOSPITALS,,,,,
,,,,,,
,"ADDIS CARDIAC HOSPITAL PLC

251116634740



251116634741



251116634720



9825



251952343434",,,,,
,"ADDIS ABABA CITY ADMINISTRATION HEALTH BUREAU MENELIK II REFERAL HOSPITAL

251-111234272



251-111237019



251-111237022



433



ADDIS CONTINENTAL HEALTH CARE INSTITUTE

251-118965240



251-116390000



ADDIS GENERAL HOSPITAL

251-111111027



ADDIS HIGHER HOSPITAL

251-112132859



251-112132860



ADDIS HIWOT HEALTH SERVICE PLC (ADDIS HIWOT GENERAL HOSPITAL)

251-116180449



251-116639634



251-116639634



251-923280828



251-116638894



251-116623915



addishiwotgh@gmail.com



ADDIS MOTHERS AND CHILD HOSPITAL

251-111245345



251-111245348



AMANUEL HOSPITAL

251-112131516



251-112757724



251-112757699



AMERICAN MEDICAL CENTRE (AMC)

251-116678000/04/07



251-919198287



58259



info@amcethiopia.com



www.amcethiopa.com



AMIN GENERAL HOSPITAL

251-116180369



251-116180349



251-947101010



251-913276175



251-116180427



ARMED FORCE HOSPITAL

Tel:251-113712020



ASEGEDACHE HOSPITAL

251-116622049



251-911405298



9031



BATI GENRAL HOSPITAL

251-331115522



251-331118895



251-338110442



251-331119491



BETEZATHA HOSPITAL

251-115514137



251-115514141



251-115514470



251-115521111



251-115536524



1138



BETHEL TEACHING GENERAL HOSPITAL

251-113495475



251-113495476



251-113495477



251-116533365



251-113495839



9011



yigeremuasfaw38@gmail.com",,,,,
,,,,,,
,,,,,,
,,,,,,
,,,,,,
,"BETSEGAH HOSPITAL

251-115545559



251-115545562



251-937938609



251-115545560



26216



info@betsegahmch.com



www.betsegahmch.com



BGM MCH HOSPITAL

251-116187035/37



251-911201846



BLACK LION HOSPITAL

251-115511211



251-115505980



BRAS MATERNITY AND CHILDRNS HOSPITAL

251-116189696



251-116636855



251-116620094



251-116615214



brass.ghoospital@ethionet.et



DENBERWA MOTHERS AND CHILDREN SPECIALIZED CENTER

251-116611112



251-116624943



251-929446764



251-929446763



ETHIO TEBIB MCH HOSPITAL

251-111116062



251-112139000



251-112782076



251-112782075



251-111551428



ethiotebib@ethionet.et



FEDERAL POLICE HOSPITAL

251-115518470



FISTULA HOSPITAL

251-113716544



251-113712866



fistula-hospital@ethionet.et



GANDHI METASEBIYA HOSPITAL

251-115518185



GENET GENERAL HOSPITAL

251-115546767



251-115546768



251-911416507



251-115527690



genetghosp@gmail.com



GIRUM HOSPITAL

251-112757676



251-913557076



251-112755092



hospital@ethionet.et



HAYAT HOSPITAL

251-116614250



251-116624488



251-116620880



hayathosp@ethionet.et



INTERNATIONAL CARDIOVASCULAR HOSPITAL

251-114424680



251-114424681



251-911448627



251-114425552



618/1110



icmc@ethionet.et



www.icmc.et.com",,,,,
,,,,,,
,,,,,,
,,,,,,
,,,,,,
,"KADISCO GENERAL HOSPITAL PLC.

251-116298902



251-116298903



251-116298904



251-116298757



kgh@kadcogroub.com



www.kadcogroup.com



KIDNEY FILURE HOSPITAL CHARITY ORGANIZATION

251-936574085



KIDUS PETROS TB SPECALIZED HOSPITAL

251-111230794



KIDUS YARED HOSPITAL

251-116454604



251-116460911



LANDMARK HOSPITAL

251-115525973



251-115525463



251-115525719



251-115525761



251-115526574



www.landmarkethiopia.com



LEGEHARE GENERAL HOSPITAL

251-115530103



251-911934762



251-911205372



MCM GENERAL HOSPITAL

251-116295420



251-116295421



251-116295422



251-116295423



251-116295424



251-116295425



251-116295426



251-116295427



251-116295428



EMERGENCY CALL FOR AMBULANCE

251-116294602



251-1162517647



251-116292795



msmcmet@gmail.com



www.mcmet.org



MENILIK HOSPITAL

251-111234272



MINILIK HOSPITAL

251-111234272



NATIONAL GENERAL HOSPITAL

251-116620479



RAK HOSPITAL

251-115154641



251-912055185



251-911514020/05



ethiorakaa@yahoo.com



RAS DESTA HOSPITAL

251-111553399



SISTER AKLESIA MEMORIAL HOSPITAL

251-221119800



251-221119801



251-221119802



251-221119803



mogi.alemu@gmail.com



www.aklesiahospital.com",,,,,
,,,,,,
,,,,,,
,,,,,,
,,,,,,
,,,,,,
,,,,,,
,"ST. GABRIEL GENRAL HOSPITAL

251-116613622



251-116614400



251-116187345



251-911204395



251-116614540



sghk@ethionet.et



ST. PAWOLOS HOSPITAL

251-112750125



251-112788052



251-112774787



ST. YARED HOSPITAL

251-116461031



251-116454697



251-116454718



251-116454606



251-116454653/646



251-924433737



251-116454706



ethiotadesse53@gmail.com



ST.PETER’S TB SPECIALZED HOSPITAL

251-111236234



251-111247826



251-111540291



251-111246174



peterethiopian@gmail.com



TEKELEHAYMANOT GENERAL HOSPITAL

251-111561287



251-111565911



TEZENEA HOSPITAL

251-113711208



251-912023683



251-113719833



TIBEBU GENERAL HOSPITAL AND TIBEBU FAMILY PLC

251-111561722



251-111561024



251-111562925



251-911204449



251-111561023



3802



tibebuho@ethionet.et",,,,,
,,,,,,
,,,,,,
,,,,,,
,,,,,,
,,,,,,
,,,,,,
,,,,,,
,,,,,,
,,,,,,
,,,,,,
,,,,,,
,"TIKUR ANBESA HOSPITAL

251-115511211



251-115529603



TIRUNASH BEIJING HOSPITAL

251-114342330



251-114342571



TZNA GENERAL HOSPITAL PLC

251-113711208



251-113719833



tznaghos@ethionet.et



YEKATET 12 HOSPITAL

251-111553066



251-111553067



251-111553068



www.yekatit12hmc.gov.et



YERER HOSPITAL

251-116478100/01



251-911360005



251-116450226



etesfaye82@yahoo.com



www.yererhospital.com



YOREDANOS ORTHOPEDIC HOSPITAL

251-115545725



ZENBABA HOSPITAL

251-114431992



251-114431993



251-114431994



251-114431995



ZEWDITU HOSPITAL

251-115518085",,,,,
,,,,,,
,,,,,,
,,,,,,
,,,,,,
,,,,,,
,,,,,,
,,,,,,
,,,,,,
,,,,,,
,,,,,,
,,,,,,
,,,,,,
,,,,,,
,,,,,,
,,,,,,
,,,,,,
,,,,,,
,,,,,,
,,,,,,
,,,,,,
,,,,,,
,,,,,,
,"LogoOpen main menu
Close menu

Home
Companies
About Us
Contact Us
LABORATORIES
Health



ADDIS CARDIAC HOSPITAL PLC

251116634740



251116634741



251116634720



9825



251952343434




ARSHO MEDICAL LABORATORIES PLC

251114167089



251114672998



612



251911101818



251903127777



251114671647



3530



info@arsholab.com



www.arsholab.com




BMY MEDICAL TECHNOLOGIES PLC

251930025024



251947858585



251947868686



9560



251930025054



25915



info@bmymedtech.com



www.bmymedtech.com




HEMA ADVANCED DIAGNOSTIC LABORATORY

251116450795



251905000001



251905000002



251906000001



251905000002



251907000001



dawit@hemalaboratory.com



davidthanku@yahoo.com



david10q@gmail.com



www.hemalaboratory.com



ADDIS DENTAL CLINIC & LABRATORY

251-116632326



251-116632327



251-921466001



addisdental@yahoo.com



AFEI DIAGNOSTIC CENTER

251-911425296



251-913573346/48



BETHEZATA DIAGNOSTIC LABORATORY

251-115541515



BLESS AGRI FOOD LABORATORY SERVICE PLC

251-116679221



251-116679229



DENBERWA MOTHERS AND CHILDREN SPECIALIZED CENTER

251-116611112



251-116624943



251-929446764



GIRUM HOSPITAL

251-112757676



251-913557076



251-112755092



hospital@ethionet.et



DIAGNOSTIC LABRATORY

251-116450795



INTERNATIONAL CLINICAL LABORATORY

251-114671818



251-115529252



251-112760617



info@icladdis.com



www.icladdis.com



MRC-ET MOLECULAR DIAGNOSTICS

251-116394118



251-910678594



251-116394096



info@mrc-et.com



www.mrc-et.com



RANK SPECIALIZED DERMATOLOGY CLINIC

251-115536074



251-115536075



251-114713189



251-912140412



251-943505050



251-943515151



251-947515151



S.T. PETER’S HOSPITAL

251-111236231



251-111236229



251-111230794



stpetres63@gmail.com



SHEGER HIGHER CLINIC

251-111112910



251-911404880



251-911206633



251-111565486



SISTER AKLESIA MEMORIAL HOSPITAL

251-221119800



251-221119802



251-221119803



4787



mogi.alemu@gmail.com



www.aklesiahospital.com



TIBEBU GENERAL HOSPITAL AND TIBEBU FAMILY PLC.

251-111560722



251-111561024



251-111562925



251-911204449



251-111561023



tibebuho@ethionet.et



TIRITA HOME BASED HEALTH CARE AND AMBULANCE PLC

251-965500000


Home
Companies
HOme
About
Contact",,,,,
,,,,,,
,,,,,,
,,,,,,
,,,,,,
,,,,,,
,,,,,,
,,,,,,
,,,,,,
,,,,,,
,,,,,,
,,,,,,
,,,,,,
,,,,,,
,,,,,,
,,,,,,
,,,,,,
,LABORATORY EQUIPMENT,,,,,
,,,,,,
,"AFRO GERMAN CHEMICALS EST. PLC

251-115500200



251-111551057



1109



agcplc@gmail.com



www.afrogerman-eth.com",,,,,
,"A.T HERTO TRADING PLC

251-116610010



251-911221615



251-116632979



2677



abraniyous@absfze.com



ADABONA TRADING PLC

251-910146636



251-935401816



ADC RESEARCH AND DEVELOPMENT PLC

251-930076904



info@adcethiopia.com



www.adc.com.et



AGRO-VET PRIVATE LIMITED COMPANY

251-115544749



251-911203849



251-115544730



agrovetplc1997@gmail.com



BIOTECH PVT.LTD.CO

251-911223892



251-911885596



101601



biotech_maru@biotechet.com



info@biotechet.com



www.biotechethiopia.com



BIOVET IMPORTS

251-118547388



251-911114087



contact.biovet@gmail.com



DA IMPORT

251-911110658



251-936626262



251-911922360



251-924116595



daimporter@gmail.com



www.daimporter.com



EHDA INTERNATIONAL TRADING PLC

251-111114756



251-111114719



251-935987638



251-935998240



251-111115004



ehdainternational@gmail.com



www.ehdainternational.com",,,,,
,,,,,,
,,,,,,
,,,,,,
,"GESHENPHARMA GENERAL TRADING PLC.

251-118302680



251-118608448



geshenpharma@yahoo.com



GOGGLE TRADING PVT.LTD.CO.

251-111561400



251-911304297



goggletrading@gmail.com



www.goggletradingplc.com



GRACE TRADING PLC

251-111568205



251-111571975



251-911692684



251-111371964



graceplc@ethion.et



www.gracetradingplc.com



INFINITY ADVANCED TECHNOLOGY SOLUTIONS PLC

251-116622827



251-116182153



251-116639291



1531



info@infinity-et.com



www.infinity-et.com



KAM TRADING PLC

251-113719900



251-113719911



251-113719922



251-911201536



kam@kamtradingplc.com



www.kamtradingplc.com



KEFEYALEW PHARMACEUTICAL & MEDICAL SUPPLIER IMPORT & DISTRIBUTION ENTERPRISE

251-113210176



251-113210177



kefyalew@ethionet.et",,,,,
,,,,,,
,,,,,,
,,,,,,
,"LABCHEM HUMAN MEDICINE, SUPPLIES & EQUIPMENTS WHOLESALE

251-911156449



251-930097774



LABORA INTERNATIONAL TRADING PLC

251-114665556



251-114168914



251-114665554



251-114160105



251-911202384



labora.ethiopia@gmail.com



www.labora.com



MAHDER HAILE GEBRESLASE IMPORTER

251-930034030



251-921903886



haile_mahderopti@gmail.com



MORETECH INDUSTRY PLC

251-116676999



251-116461783



251-911405499



251-116676988



moretech@ethionet.et



MOST TRADING PLC

251-911624343



251-930013002



251-911638242



251-979606060



251-913478759



27863



tekab@gmail.com



Q-DIAGNOSTICS PLC

251-930076905



251-930076906



info@q-diagnostics.com.et



www.q-diagnostics.com.et



SCILAB TRADING PLC

251-114672470



251-930000295



251-911864230



251-114672371



scilab.trading.plc@gmail.com



SPECTREM LABORATORIES PLC

251-115549058



251-115549059



251-115549060



251-910613500



speclus@ethionet.et",,,,,
,,,,,,
,,,,,,
,,,,,,
,,,,,,
,"SPOT PHARMACEUTICAL AND MEDICAL EQUIPMENT DISTRIBUTER PLC

251-911214555



251-930100173



info@spotpharma.com



www.spotpharma.com



WISE TEAM PLC

251-111564514



251-911607340



251-111564521



team.wise60@gmail.com



YAREN LAB TRADING PLC

251-911781227



251-930362888



yarenlabtrading@gmail.com



www.yarenlabtrading.com



YESHADAM TRADING PLC.

251-114163804



251-114163854



adamuashenif@yahoo.com



YHY GENERAL TRADING

251-911215848



251-911251241



yhygentrading@gmail.com



www.yhygeneraltrading.com",,,,,
,,,,,,
,,,,,,
,,,,,,
,,,,,,
,"LogoOpen main menu
Close menu

Home
Companies
About Us
Contact Us
MEDICAL & LABORATORY
Health


Company Name

Telephone



Mobile



Fax



P.o.Box



E-mail



WebSite



A.T HERTO TRADING PLC

251-116610010



251-911221615



251-116632979



2677



abraniyous@absfze.com



BIOTECH PVT.LTD.CO

251-911223892



251-911885596



101601



biotech_maru@biotechet.com



info@biotechet.com



www.biotechethiopia.com



BIOVET IMPORTS

251-118547388



251-911114087



contact.biovet@gmail.com



EHDA INTERNATIONAL TRADING PLC

251-111114756



251-111114719



251-935987638



251-935998240



251-929054913



ehdainternational@gmail.com



www.ehdainternational.com



EURO AMERICAN HEALTHCARE PLC

251-116631888



251-118696616



euroamericanhc@gmail.com



GESHENPHARMA GENERAL TRADING PLC.

251-118302680



251-118608448



geshenpharma@yahoo.com



INFINITY ADVANCED TECHNOLOGY SOLUTIONS PLC

251-116622827



251-116182153



251-116639291



1531-1250



info@infinity-et.com



www.infinity-et.com



HOSPI-SOLE HOSPITAL & SCHOOL EQUIPMENT DISTRIBUTER

251-911375605



251-913592164



fishtekep@yahoo.com



www.hospsol.com



LABCHEM HUMAN MEDICINE, SUPPLIES & EQUIPMENTS WHOLESALE

251-911156449



251-930097774



MAHDER HAILE GEBRESLASE IMPORTER

251-930034030



251-921903886



haile_mahderopti@gmail.com



NEYO BIO MEDICAL ENGINEERING

251-111558500



251-111558500



biomed@ethionet.et



PLCU PRIVATE LABORATORIES CONSORTIAM

251-116187220



251-116197221



Eplcu@ethionet.et



SCILAB TRADING PLC

251-114672470



251-930000295



251-911864230



251-114672371



scilab.trading.plc@gmail.com



SPECTRUM LABORATORIES PLC.

251-115549058



251-115549059



251-115549060



251-910613500



speclab@ethionet.conm



SUB SAHARAN BIOMEDICAL PLC.

251-114673413



251-114673414



251-114673415



251-116292937



subsaharanbiomedical@ethionet.et



YAREN LAB TRADING PLC

251-911781227



251-930362888



251-938945488



yarenlabtrading@gmail.com



www.yarenlabtrading.com



YESHADAM TRADING PLC.

251-114163804



251-114163854



adamuashenif@yahoo.com


Home
Companies
HOme
About
Contact",,,,,
,,,,,,
,,,,,,
,,,,,,
,,,,,,
,,,,,,
,,,,,,
,,,,,,
,,,,,,
,,,,,,
,,,,,,
,,,,,,
,MEDICAL EQUIPMENT,,,,,
,,,,,,
,"ABYALAT ORTHOPEDIC IMPLANTS AND SUPPLIES PLC

251911186763



251911884007



orthoimplantsethiopia@gmail.com



lilihailemichael@gmail.com



www.orthoimplants-ethiopia.com",,,,,
,"AFRO GERMAN CHEMICALS EST. PLC

251-115500200



251-111551057



1109



agcplc@gmail.com



www.afrogerman-eth.com",,,,,
,"BETA LAB TRADING PLC

251934150443



251911608517



251926836175



labbeta6@gmail.com




BMY MEDICAL TECHNOLOGIES PLC

251930025024



251930025054



251947858585



251947868686



9560



25915



info@bmymedtech.com



www.bmymedtech.com



A.T HERTO TRADING PLC

251-116610010



251-911221615



251-116632979



2677



abraniyous@absfze.com



PROF. BIRUK’S PRIVATE OFFICE PRACTICE

251911232507



251922786437



ADC RESEARCH AND DEVELOPMENT PLC

251-930076904



info@adcethiopia.com



www.adc.com.et



AFRI-MED GENERAL IMPORER

251-911514595



251-910252525



2747



afrimed2006@yahoo.com



AFRICA ETHIOPIA ETHIO-AMERICA PHARMACEUTICAL

251-115543313



251-115543313



rxafrica@ethionet.et



AGECA ETHIOPIA COMPANY PLC.

251-111551044



251-111550255



251-111550005



477



ageca@ethionet.et



www.agecaeth.com",,,,,
,,,,,,
,,,,,,
,,,,,,
,"AGMAS BUSINESS GROUP

251-118965950



251-118965252



251-111560056



251-111138090



24517



sales@agmas.net



www.agmas.net



AGMAS MEDICAL

251-111560056



251-118964848



251-111553827



24517



info@agmasmedical.com



www.agmasmedical.com



AL-SENEDI PLC

251-112770080



251-112770081



251-112770079



9645



info@alsenedi.com



alsenediplc@gmail.com



www.alsenedi.com



AKEDENT PHARMACEUTICALS AND MEDICAL EQUIPMENT WHOLESALER

251-118334067



251-913700718



251-961284950



ARFAB ENGINEERING

251-116511622



251-111117484



251-116604955



251-116604956



ararssa@gmail.com



arfab@ethionet.et



B.A.F SPECIAL NEEDS MATERIAL TRADE PVT.LTD.CO

251-111264544



251-929906828



251-929906830



251-111264577



bafplc2015@gmail.com



BADREG PLC

251-114671010



251-114670999



251-114163810



251-911201243



251-114670922



badreg@ethionet.et



CGF DY ROOFING TILE PLC (LICY ROOFING SYSTEMS)

251-114701929



251-938656667



251-937922222



cgfdyroofing@gmail.com



www.cgfcrowncork.com



CITRUS INTERNATIONAL TRADING PLC

251-116620915



251-116620916



251-911227375



251-913515005



251-116620917



5704



menassie2002@yahoo.com



info@citrusint.com



www.citrus.com",,,,,
,,,,,,
,,,,,,
,,,,,,
,,,,,,
,"DA IMPORT

251-911110658



251-936626262



251-911922360



251-924116595



daimporter@gmail.com



www.daimporter.com



DEJ.A.M. GONAFER AND SONS PLC

251-114655116



251-114655142



251-114655143



251-114654129



gonafer.et@ethionet.et



DROGA PHARMA PLC

251-112734554



251-974858585



251-112735271



contact@drogapharma.com



www.drogapharma.com



DROGA PHYSIOTHERAPY SPECIAL CLINIC

251-115578906



251-974959595



251-112735271



pharmadroga@gmail.com



www.drogapharma.com



EHDA INTERNATIONAL TRADING PLC

251-111114756



251-111114719



251-935987638



251-935998240



251-929054913



251-111115004



ehdainternational@gmail.com



www.ehdainternational.com



EURO AMERICAN HEALTHCARE PLC

251-116631888



251-118696616



euroamericanhc@gmail.com



GRACE TRADING PLC

251-111568205



251-111571975



251-911692684



251-111371964



521



graceplc@ethion.et



www.gracetradingplc.com",,,,,
,,,,,,
,,,,,,
,,,,,,
,,,,,,
,"INFINITY ADVANCED TECHNOLOGY SOLUTIONS PLC

251-116622827



251-116182153



251-116639291



1531



info@infinity-et.com



www.infinity-et.com



JIJE LABOGLASS PLC

251-113720701



251-113720702



251-911662491



251-113720703



70077



info@jijelaboglassplc.com



www.jijelaboglass.com



KAM TRADING PLC

Tel:251-113719900



251-113719911



251-113719922



251-911201536



251-113718729



kam@kamtradingplc.com



www.kamtradingplc.com



LABCHEM HUMAN MEDICINE, SUPPLIES & EQUIPMENTS WHOLESALE

251-911156449



251-930097774



LABORA INTERNATIONAL TRADING PLC

251-114665554/56



251-114168914



251-114160105



251-114665555



251-114164413



251-911202384



251-911202384



251-114665544



labora.ethiopia@gmail.com



www.labora.com



MAHDER HAILE GEBRESLASE IMPORTER

251-930034030



251-921903886



haile_mahderopti@gmail.com



MEDTECH ETHIOPIA PLC.

251-116299915



251-116299916



251-116290389



12528



medtech@ethionet.et



www.medtechethiopiaplc.com



MESROY INTERNATIONAL PLC

251-113717870



251-113725153



251-113724336



mesroy@mesroy.com



www.mesroy.com



MICRO PHARMA PLC

251-111268380



251-111268385



251-111220171



251-111220161



251-911248295



251-930101043



251-111220478



9524



micropharma@ethionet.et



office@micro-pharma.com



www.micro-pharma.com",,,,,
,,,,,,
,,,,,,
,,,,,,
,"MOST TRADING PLC

251-911624343



251-930013002



251-911638242



251-979606060



251-913478759





27863



tekab@gmail.com



NAZERAW DRUGS & MEDICAL SUPPLIES DISTRIBUTER

251-221112221



Adama



NEYO BIO MEDICAL ENGINEERING

251-111558500



251-111558500



biomed@ethionet.et



PHARMA LAB PLC.

251-116460714



251-116454845



pharmalab@ethionet.et



PHARMA SHARE CO.

251-111550207



251-111552799



1122



pharsc59@gmail.com



PHARMA SUCCESS TRADING PLC

251-114671076



251-114672393



251-911240844



251-114665544



24781



mbfarm@ethionet.et



PURUPURA PHARMACEUTICAL AND MEDICAL SUPPLY IMPORT AND DISTRIBUTER PLC

251-114717267



251-114717266



251-930014635



251-929905546



251-911604446



sira.bizmd@gmail.com



Q-DIAGNOSTICS PLC

251-930076905



251-930076906



18571



info@q-diagnostics.com.et



www.q-diagnostics.com.et



RAMADA TRADING

251-177006467



251-117700913



4837



info@ramadatrading.com



www.ramadatrading.com



SCILAB TRADING PLC

251-114672470



251-930000295



251-911864230



251-114672371



scilab.trading.plc@gmail.com



hiwotee@yahoo.com",,,,,
,,,,,,
,,,,,,
,,,,,,
,"SETEMA LIMITED PLC

251-116478200



251-116478210



251-116478212



251-911201343



251-116478208/13



12882



setema@ethionet.et



www.setemalimited.com



SHAFAT PHARMACEUTICALS Human Medicine and Medical Supply Wholesale

251-911571053



251-966215770



251-911357782



shafatpharmaceuticals@gmail.com



T.A KANZEN YEHIA & SONS PLC

251-112779614



251-112779615



251-911651402



251-112779616



2776



kanzen@ethionet.et



TADBA PLC.

251-116610381



251-116630381



251-911218078



251-116610381



251-115512826



5901



tad@ethionet.et



tadimp@ethionet.et



TADKOB PLC.

Tel:251-115518130



251-115511984



tadkob@ethionet.et



TEKAB MEDICAL PLC

251-112590037



251-930013002



251-911624343



251-112590590



tekabplc@gmail.com



TROPICAL PHARME TRADING

251-116185442



251-924307668



251-116185445



pharmatropical@gmail.com



www.tropicalpharmeth.com



VALDES PLC.

251-114674493/94



251-114672612



251-911785618



251-114672467



valdestec@ethionet.et



www.valdesplc.com



VISION PHARMA

251-114422330



tsega22@ethionet.et



WARYT MULUTELA INTERNATIONAL PLC.

251-116610875



251-116615874



251-116614297



251-930098707



251-911245201



251-9112110706



251-116634127



251-116614296



waryt@ethionet.et



www.waryt.com",,,,,
,,,,,,
,,,,,,
,,,,,,
,,,,,,
,,,,,,
,,,,,,
,,,,,,
,,,,,,
,,,,,,
,"WECHARE PHARMACEUTICALS PLC

251-116674858



251-913784547



1077



WISE TEAM PLC

251-111564514



251-911607340



251-111564521



2633



team.wise60@gmail.com



YALDES PLC

251-114672467



251-114674493/94



251-911785618



251-929900641



251-114672467



yaldestec@ethionet.et



www.yaldesplc.com



YAMROT ENGINEERING

Tel:251-118964949



251-112138090



251-112781139



251-112781518



24517



yamroteng@ethionet.et



www.yamrotengineering.com



YAREN LAB TRADING PLC

251-911781227



251-930362888



251-938945488



yarenlabtrading@gmail.com



www.yarenlabtrading.com



YHY GENERAL TRADING

251-911215848



251-911251241



yhygentrading@gmail.com



www.yhygeneraltrading.com",,,,,
,,,,,,
,,,,,,
,,,,,,
,,,,,,
,,,,,,
,,,,,,
,,,,,,
,,,,,,
,,,,,,
,,,,,,
,,,,,,
,,,,,,
,,,,,,
,,,,,,
,,,,,,
,,,,,,
,,,,,,
,PHARMACEUTICAL PRODUCTS,,,,,
,,,,,,
,"AFRO GERMAN CHEMICALS EST. PLC

251-115500200



251-111551057



1109



agcplc@gmail.com



www.afrogerman-eth.com",,,,,
,"BETA LAB TRADING PLC

251934150443



251911608517



251926836175



labbeta6@gmail.com




BMY MEDICAL TECHNOLOGIES PLC

251930025024



251930025054



251947858585



251947868686



9560



25915



info@bmymedtech.com



www.bmymedtech.com




DAT INTERNATIONAL TRADING PLC

251118126113



251911519105



tenayedat@gmail.com



ermiasdat@gmail.com



www.datinternational.net



A.T HERTO TRADING PLC

251-116610010



251-911221615



251-116632979



2677



abraniyous@absfze.com



ADDIS PHARMACEUTICAL FACTORY PLC.

251-114667987



251-344453007



251-116551808



251-911212308



251-911183125



251-114162211



251-344452637



25505



addis.pharmaceutical@ethionet.et



apfmarketing@yahoo.com



www.apf-ethio.com



AFRI-MED GENERAL IMPORER

251-911514595



251-910252525



2747



afrimed2006@yahoo.com



AGMAS MEDICAL

251-111560056



251-118964848



251-111553827



24517



info@agmasmedical.com



www.agmasmedical.com",,,,,
,,,,,,
,,,,,,
,,,,,,
,"AKEDENT PHARMACEUTICALS AND MEDICAL EQUIPMENT WHOLESALER

251-118334067



251-913700718



251-961284950



AL-SENEDI PLC

251-112770080



251-112770081



251-112770079



9645



info@alsenedi.com



alsenediplc@gmail.com



www.alsenedi.com



AMETCO EXPORT AND IMPORT PLC

251-115524144



251-911248915



251-115543800



9983



ametco7@hotmail.com



ASMI INDUSTRY Plc

251-116637863



251-116637865



251-116187992



251-116637864



2403



asmi@ethionet.et



BARCOT PHARMACEUTICAL PLC.

251-112802640



251-112802641



251-911666192



barcotplc@ethionet.et



BEKER GENERAL BUSINESS P.L.C

251-115530702



251-11655500



251-115503833



251-911200855



251-115545288



beker@ethionet.et



www.bekerpharma.com



BIOVET IMPORTS

251-118547388



251-911114087



contact.biovet@gmail.com



CHEMI-PHARMA

251-115153933



251-115529199



promed@ethionet.et



CITRUS INTERNATIONAL TRADING PLC

251-116620915



251-116620916



251-911227375



251-913515005



251-116620917



5704



menassie2002@yahoo.com



info@citrusint.com



www.citrus.com



DROGA PHARMA PLC

251-112734554



251-974858585



251-112735271



contact@drogapharma.com



www.drogapharma.com",,,,,
,,,,,,
,,,,,,
,,,,,,
,,,,,,
,"DROGA PHYSIOTHERAPY SPECIAL CLINIC

251-115578906



251-974959595



251-112735271



pharmadroga@gmail.com



www.drogapharma.com



EAST AFRICAN PHARMACEUTICALS PLC

251-116461456



251-116461457



251-116461762



251-116670346



g.m.eap.co@gmail.com



www.estafrican-pharma.com



ELF AKAL PLC.

251-111575555



251-111574912



251-111575656



251-911201075



251-111575657



6907



elfakal@net.com



ETHIOPIAN PHARMACEUTICAL ASSOCIATION (EPA)

251-114667621



251-114669644



5711



epan@ethionet.et



www.epaethipia.org



FEWES PHARMACEUTICALS FACTORY

251-114392011



251-114392011



emaisc@ethionet.et



GESHEN PHARMA GENERAL TRADING PLC.

251-118302680



251-118608448



geshenpharma@yahoo.com



GRACE TRADING PLC

251-111568205



251-111571975



251-911692684



251-111371964



521



graceplc@ethion.et



www.gracetradingplc.com



JIJE LABOGLASS PLC

251-113720701



251-113720702



251-911662491



251-113720703



70077



info@jijelaboglassplc.com



jije@ethionet.et



www.jijelaboglass.com



KALWIN MULTI SUPPLY PLC.

251-111552622



251-111550675



251-111551265



251-911201166



251-111550793



14084



kalwin@ethionet.et



kalwin@ethionet.et",,,,,
,,,,,,
,,,,,,
,,,,,,
,"LABCHEM HUMAN MEDICINE, SUPPLIES & EQUIPMENTS WHOLESALE

251-911156449



251-930097774



LABORA INTERNATIONAL TRADING PLC.

251-114665553/54/55



251-114168914



251-114160105



251-114164413



251-911202384



251-114665544



13823



ben.asf@ethionet.et



www.laboraplc.com



LIONS INTERNATIONAL TRADING PLC.

251-116639244



251-116639245



251-911771225



251-116639240



lit@ethionet.et



www.lionsethiopia.com



LOUL PHARMACEUTICALS TRADING PLC.

Tel:251-114655897



251-114668615



lopha@ethionet.et



MEDTECH ETHIOPIA PLC.

251-116299915



251-116299916



251-116290389



12528



medtech@ethionet.et



www.medtechethiopiaplc.com



MERUNA IMPORT AND EXPORT PLC.

Tel:251-116292937



251-911223361



251-911694880



251-116291294



meruna@ethionet.et



www.meruna.net



MESROY INTERNATIONAL PLC

251-113717870



251-113725153



251-113724336



mesroy@mesroy.com



www.mesroy.com



MICRO PHARMA PLC

251-111268380



251-111268385



251-111220171



251-111220161



251-911248295



251-930101043



251-111220478



9524



micropharma@ethionet.et



office@micro-pharma.com



www.micro-pharma.com



PHARMA SHARE CO.

Tel:251-111550207



251-111552799



1122



pharsc59@gmail.com



PHARMA SUCCESS TRADING PLC

251-114671076



251-114672393



251-911240844



251-114665544



24781



mbfarm@ethionet.et",,,,,
,,,,,,
,,,,,,
,,,,,,
,,,,,,
,,,,,,
,,,,,,
,"PHARMA UNION PLC.

251-111114813



251-111112996



251-116637793



251-911211140



251-111551569



pharmaunion@ethionet.et



PHARMACEUTICAL & MEDICAL SUPPLIES IMPORT & WHOLESALE S.CO

251-112751770



251-112763265



251-911205426



251-112752555



21904



pharmid@ethionet.et



PURUPURA PHARMACEUTICAL AND MEDICAL SUPPLY IMPORT AND DISTRIBUTER PLC

251-114717267



251-114717266



251-930014635



251-929905546



251-911604446



sira.bizmd@gmail.com



RAMADA TRADING

251-177006467



251-117700913



4837



info@ramadatrading.com



www.ramadatrading.com



RX AFRICA (ETHIOPIA) PLC-ETHIOAMERICAN PHARMACEUTICALS

251-115543282



251-115543313



919



rxafrica@ethionet.et



SAMATCO TRADING

251-114707238



251-911220194



251-114707372



23707



samatco@ethionet.et



amermoha88@gmail.com



SARON PHARMA-CHEMIE LTD

251-116612613



251-116614301



saranpc@ethionet.et



SETEMA LIMITED PLC

251-116478200



251-116478210



251-116478212



251-911201343



251-116478208/13



setema@ethionet.et



www.setemalimited.com



SHAFAT PHARMACEUTICALS Human Medicine and Medical Supply Wholesale

251-911571053



251-966215770



251-911357782



shafatpharmaceuticals@gmail.com",,,,,
,,,,,,
,,,,,,
,,,,,,
,,,,,,
,,,,,,
,,,,,,
,,,,,,
,,,,,,
,"SHE MEDICAL HERBS AND SPICES

251-911744690



251-911744687



motherlife@ymail.com



TIANSHI ETHIOPIA BUSINESS PLC.

251-115501066



251-912110524



yosyzhang99@hotmail.com



TROPICAL PHARME TRADING

251-116185442



251-924307668



251-116185445



pharmatropical@gmail.com



www.tropicalpharmeth.com



WECHARE PHARMACEUTICALS PLC

251-116674858



251-913784547



1077



WISE TEAM PLC

251-111564514



251-911607340



251-111564521



26335



team.wise60@gmail.com



YAMROT ENGINEERING

251-118964949



251-112138090



251-112781139



251-112781518



24517



yamroteng@ethionet.et



www.yamrotengineering.com



ZAF PHARMACIUTICALS PLC

251-116292419



251-116299948



251-911606771



251-116292406



zafpharmaciuticals@hotmail.com



www.zafpharmaciticals.com



ZE-EL TRADING PLC.

251-111557564



251-911228175



251-111557565



1534



ze-el@ethionet.et",,,,,
,,,,,,
,,,,,,
,,,,,,
,,,,,,
,,,,,,
,,,,,,
,,,,,,
,,,,,,
,,,,,,
,,,,,,
,,,,,,
,PHARMACIES,,,,,
,,,,,,
,"ADDIS CARDIAC HOSPITAL PLC

251116634740



251116634741



251116634720



9825



251952343434",,,,,
,"ABADER PHARMACY

251-116624397



ADDES PHARMACY

251-115531271



hailugigi@yahoo.com



AFRICA DRUG STORE

251-111571857



AMANUEL DRUG STORE

251-115519150



AMANUEL PHARMACY

251-115519150



ANBESSA GIBI PHARMACY

251-111226740



251-111248531



251-911863979



9873



aresemakedest@yahoo.com



ARSEIMA DRUG STORE

251-113486327



ASHETEN PHARMACY

251-115534052



ASHURA PHARMA PLC

251-112766224



251-112766252



26421



ASQUAL DRUG STORE

251-115545612



AWASH PHARMACY PLC

251-112130707



4159



AXUM PHARMACY

251-115518626



BEMENET DRUG STORE

251-113493838



251-114161131



BERHANU DRUG STORE

251-112704879



BEST DRUG STORE

251-116293242",,,,,
,,,,,,
,,,,,,
,,,,,,
,,,,,,
,"BLEN PHARMACY

251-112135922



DALGA ANBASA PHARMACY

251-115523287



ENAT PHARMACY

251-115502466



251-111551382



ENDOD PHARMACEUTICAL

251-115531702



251-115531707



251-911421850



30728



Emmd@ethionet.et



EPHEREM PHARMACY

Tel:251-221112717



Adama



ETHIO VET PLC.

251-116515389



251-116461121



ethiovet@ethionet.et



EYESUS DRUG STORE

251-112751170



251-116187510



251-911607377



21840



olihamb@ethionet.et



EYESUSE DRUGS STORE

251-112751170



olihamb@ethionet.et



EYOBETSE DRUG STORE

251-116295220



FITUN PHARMACY

251-111568936



251-911601969



29485



FLOWER DRUG STORE

251-114670936



FNAT PHARMACY

251-115502466



251-111565864



GABRAL DRUG SHOP

Tel:251-221112351



Adama",,,,,
,,,,,,
,,,,,,
,,,,,,
,,,,,,
,"GANDHI METASEBIYA HOSPITAL

251-115518185



782



GELEAD DRUG STORE

251-471118611



GELEAD PHARMACY

251-115504312



40365



GHION PARMACY

251-115518606



251-911240298



GIDANE MIHRET DRUG STORE

251-471119515



Jimma



GIRUM HOSPITAL

251-112757676



251-913557076



251-112755092



Email: hospital@ethionet.et

GISHEN MARIYAME PHARMACY

251-331113634



Dessie



GISHEN PHARMACY

251-118669000



251-111545464



251-118965204



251-930033292



251-930033292



251-930033291



251-930097465



251-115151607



www.gishenpharmacy.com



HAWERA DRUG STORE

251-116540199



HAYMET PLC.

251-114672000



251-114668404



HECOL DRUG STORE

251-114163480



HELINA PHARMACY PLC.

251-114665118



251-911214483



P.O.box: 5987

HIBRET PHARMACY

251-113480342



HIWOT PHARMACY

251-331113250



Dessie",,,,,
,,,,,,
,,,,,,
,,,,,,
,,,,,,
,"HOLLY DRUG STORE

251-115509063



251-115150280



zufan@yahoo.com



HOSA DRUG STOR

251-115151190



INTERNATIONAL PHARMACY

251-251110784



DireDawa



INTERNATIONAL RULAL VERINERY DRUG STORE

251-112765300



JIDA RURAL DRUG VENDER

251-472260198



JOHN THE BAPTIST DRUG SHOP

251-116637802



JOTE DRUG STORE

251-112782091



K.M.S EGGA TRADE AND INDUSTRY PLC.

251-112130224



251-112130235



251-112779635



KALEB PHARMACY

251-335540502



KIDANE MEHIRET DRUG STORE

251-471119515



KIDIST DRUG STORE

251-114655780



KIDUS LALIBELA DRUG STORE

251-112139505



LALIBELA PHARMACY

251-112139509



LIBEN PHARMACY

251-462203391



LION PHARMACY S.C

251-111551893



251-111552799



lionpharmacyethiopia@gmail.com",,,,,
,,,,,,
,,,,,,
,,,,,,
,,,,,,
,,,,,,
,,,,,,
,"MAHELET PHARMACY PLC.

251-118610948



smtman@ethionet.et



MEDHANIYALEM DRUG STORE

251-111236780



hdfplc@ethionet.et



MEDIHN DRUG STORE

251-462201496



MEKELE PUBLIC DRUG SHOP

251-344400111



MENBER TRADING PLC.

251-112763164



251-112765275



MEROB PHARMACY

251-471116699",,,,,
,,,,,,
,,,,,,
,,,,,,
,,,,,,
,,,,,,
,,,,,,
,,,,,,
,,,,,,
,,,,,,
,,,,,,
,,,,,,
,,,,,,
,,,,,,
,,,,,,
,,,,,,
,,,,,,
,,,,,,
,,,,,,
,,,,,,
,,,,,,
,,,,,,
,,,,,,
,,,,,,
,,,,,,
,,,,,,
,,,,,,
,,,,,,
,,,,,,
,,,,,,
,,,,,,
,,,,,,
,,,,,,
,,,,,,
,,,,,,
,,,,,,
,,,,,,
,,,,,,
,,,,,,
,,,,,,
,,,,,,
,,,,,,
,,,,,,
,,,,,,
,,,,,,
,,,,,,
,,,,,,
,,,,,,
,,,,,,
,,,,,,
,,,,,,
,"LogoOpen main menu
Close menu

Home
Companies
About Us
Contact Us
PHYSIOTHERAPY MASSAGE
Health


ASLI PHYSIO THERAPY CLINIC

251-118961010



251-118961011



251-935999199



asliptc@gmail.com



DROGA PHARMA PLC

251-112734554



251-974858585



251-112735271



contact@drogapharma.com



www.drogapharma.com



DROGA PHYSIOTHERAPY SPECIAL CLINIC

251-115578906



251-974959595



pharmadroga@gmail.com



www.drogapharma.com



DYNAMIC PHYSIOTHERAPY MEDICINE SPECIALITY CLINIC

251-915573514



ETHAN NEUROLOGY & PHYSIOTHERAPY SPECIALTY CLINIC

251-116630804



251-919396092



251-919396091



1531(1250)



www.ethanneuro.com



EWEN CHIROPRACTIC AND PHYSIOTHERAPHT SPECIAL HIGHER CLINIC

251-115541600



251-115541700



251-911955281



251-910216500



FITSUM PHYSIOTHERAPHY AND PHYSICAL REHABILTATION SPECIAL CLINIC

251-116629756



251-911240007



251-911788626



fitsumphysio@yahoo.com



GELEAD MASSAGE AND THERAPY HEALTH CENTER

251-936541197



251-933521386



GINSENG GOLDEN TOUCH MASSAGE THERAPY COLLEGE

251-112787923



251-116650281



251-911450947



newmassagetc@yahoo.com



SISTER AKLESIA MEMORIAL HOSPITAL

251-221119800



251-221119801



251-221119802



251-221119803



mogi.alemu@gmail.com



www.aklesiahospital.co


Home
Companies
HOme
About
Contact",,,,,
,,,,,,
,,,,,,
,,,,,,
,,,,,,
,,,,,,
,,,,,,
,,,,,,
,,,,,,
,,,,,,
,,,,,,
,,,,,,
,,,,,,
,,,,,,
,,,,,,
,,,,,,
,,,,,,
,,,,,,
,,,,,,
,,,,,,
,SPECIAL CLINICS,,,,,
,,,,,,
,"ABYALAT ORTHOPEDIC IMPLANTS AND SUPPLIES PLC

251911186763



251911884007



orthoimplantsethiopia@gmail.com



lilihailemichael@gmail.com



www.orthoimplants-ethiopia.com",,,,,
,"CENTRAL DENTAL CLINIC

251911207942



251947362524



dr.mohammedshash10@gmail.com



www.centraldentalclinic.com",,,,,
,"DALIAN SPECIALTY DENTAL CLINIC

251912638003



dantdalian@gmail.com




DAN DENTAL CLINIC

251118686323



251988268987



251912190348




KIDANE MEHIRET SPECIAL DENTAL CLINIC

251115153352



251911610925",,,,,
,,,,,,
,,,,,,
,"REDAT HEALTH CARE P.L.C

251116630804



251116151822



9477



251988181822



contact@redat-et.com



ForUSAusers1833MDREDAT



www.redat-et.com



AB DENTAL CLINIC

251-111571328



251-111777219



251-911470148



24770



ABEL DENTAL CLINIC

251-912025121



251-911026980



abeldental@gmail.com



ABEL RADIOGICAL AND MEDICAL DIAGNOSTIC CENTER

251-116518558



251-913369642



25893



abeleinic@yahoo.com



PROF. BIRUK’S PRIVATE OFFICE PRACTICE

251911232507



251922786437



ABYSSINIA MEDICAL CENTER

251-116611808



ADDIS MATERNITY AND CHILDREN HOSPITAL

251-112455345



mekonnenenbg@ethionet.et



ADDIS DENTAL CLINIC & LABRATORY

251-116632326/27



251-921466001



addisdental@yahoo.com



ADM DENTAL CLINIC

251-912184894



AFRISURG ETHIOPIA

251-116180907



251-911203937



AIRPORT DENTAL CLINIC

251-116183300



251-116183302



251-911227747



251-116187879



ALPHA CARDIAC SPECIALITY CLINIC

251-118885419



251-929099252



alphacsc16@hotmail.com",,,,,
,,,,,,
,,,,,,
,,,,,,
,"ALFA DENTAL CLINIC

251-911207942



ALIFE DENATAL CLINIC

251-911128802



ALMETA DENTAL CLINIC

251-115516980



ANANIA MOTHERS & CHILDREN SPECIAL MEDICAL CLINIC

251-111564316



251-111565045



ASLI PHYSIO THERAPY CLINIC

251-118961010



251-118961011



251-935999199



asliptc@gmail.com



ATELAS DENTAL CLINIC

251-116532997



BABI SPECIALITY DENTAL CLINIC

251-975777777



251-913945252



BELAS DENTAL CLINIC

251-912016850



BEREHANU GEBRE DENTAL

251-111567810



BETE AMAN EYE CLINIC

251-111555171



BETE-AMAN

251-111555171



251-913253341



251-912885489



251-929908402



samibayu@yahoo.com



samibayu@hotmail.com",,,,,
,,,,,,
,,,,,,
,"BETHEL VET ANIMAL CLINIC

251-911665830



BEZA SPECIAL DENTAL CLINIC

251-114672290/91



251-911643997



20023



BLESS DENTAL CLINIC

251-912012685/88



BLU DAS SPECIAL DENTAL

251-116622336



BOLE MICHAEL ANIMAL CLINIC AND DRUG SHOP

251-913892549



251-922114956



1679



eliasdgwt@gmail.com



BOLE SPECIAL DENTAL CLINIC

251-116180906



CASAINCIS ANIMAL CLINIC

251-115519427



251-911210204



CITY DENTAL CLINIC

251-114665036



251-114165240



251-911201611



17755



CITY HIGHER SPECIAL DENTAL CLINIC

251-114165240



251-911201611



251-114665036



17755



citydentalclinic@yahoo.com



CONTACT EYE CLINIC

251-116186554/53



CONTACTA EYE CLINIC

251-116186554



251-912149479



251-116186553



27815



contactaeyecenter@yahoo.com



COSMO DENT SPEACIAL DENTAL & ORAL CAVITY CLINIC

251-911402605



251-911660824



DAFRI SPECIAL HIGHER CLINIC

251-115157099



DAMOTA DENTAL CLINIC

251-912149350



DERA SPECIAL MEDIUM DENTAL CLINIC

251-111550054



251-911444392



251-911151178



DR. AMIR SPECIAL MEDIUM DENTAL CLINIC

251-912031486



251-910491609



251-920304005",,,,,
,,,,,,
,,,,,,
,,,,,,
,"DR EMEBET SPECIAL DENTAL CLINIC

251-913376959



33265



DR SARA HIGHER SPECIALIZED DENTAL CLINIC

251-118685353



251-939985580



251-929111400



Sarah20000@talktalk.net



DR. ABRHAM SPECIAL EYE CLINIC

251-911406539



251-929180404



251-911419161



251-929247575



DR. BELAY DESTA SPECIAL DENTAL CLINIC

251-118966266



251-911405111



DR. DEREJE BEKELE DENTAL CLINIC

251-115541656



DR. MOHAMMED DENTAL CLINIC

251-118699966



251-913303030



DR. MOHAMED SPECIALITY DENTAL CLINIC

251-919303030



kakamamy7@gmail.com



www.facebook.com/



drmohamedaddisababa



DR. MULU MEDIUM DENTAL CLINIC

251-118549495



251-911948149



251-908525252



mulubeme@yahoo.com



DR.QUNZHEN LIU DENTAL SPECIALITY CLINIC

251-118624836



251-912172463



79657012@gmail.com



DR.SARA HIGHER SPECIALIZED DENTAL CLINIC

251-118685353



251-939985580



251-929111400



info@drsaradentalclinic.com



www.drsaradentalclinic.com",,,,,
,,,,,,
,,,,,,
,,,,,,
,,,,,,
,"DR.TIGIST DENTAL CLINIC

251-911617241



251-923240080



tigisttadesse32@gamil.com



DR. TSEGAYE ORAL & DENTAL CLINIC

251-983389696



251-966138504



DR. YARED PEDIATRIC SPECIALTY CLINIC

251-118675915



251-935203555



yareds2012@gmail.com



DR.YAREGAL SPECIAL DENTAL CLINIC

251-911136435



251-922951537



DROGA PHARMA PLC

251-112734554



251-974858585



251-112735271



contact@drogapharma.com



www.drogapharma.com



DROGA PHYSIOTHERAPY SPECIAL CLINIC

251-115578906



251-974959595



251-112735271



pharmadroga@gmail.com



www.drogapharma.com



EAST AFRICA SPECIAL EYE CLINIC

251-115515192



251-115155898



flamingopp@yahoo.com



EAGLE VISION MEDICAL SREVICE P.L.C

251-114392145



EMMETROPIA SPECIAL EYE CLINIC

251-115159863



251-115529295



emmetroiaeyeclinic@ethionet.et",,,,,
,,,,,,
,,,,,,
,,,,,,
,,,,,,
,"ETHAN NEUROLOGY & PHYSIOTHERAPY SPECIALTY CLINIC

251-116630804



251-919396092



251-919396091



1531



www.ethanneuro.com



ETHIO CANADA DIAGNOSTICS AND IMAGING CENTER

251-115507228



251-115152299



32195



ETHIO DENTAL CLINIC

251-111116200



ETHIO VISION SPECIAL HIGHER EYE CLINIC

251-115545050



251-115545252



251-911039303



sara_mulugeta2000@yahoo.com



EWEN ECHIROPRACTIC AND PHYSIOTHERAPHY SPECIAL HIGHER CLINIC

251-115541600



251-115541700



251-911955281



251-910216500



EYO DENTAL TRADING PLC

251-116630192



251-116630193



17705



gedtaf@yahoo.com



FAM DENTAL CLINIC

251-116630193



FEVEN DENTAL CLINIC

251-930097538



251-930097539



121037



fevendentalclinc@gmail.com



FREE METHODIST WORLD ETHIOPIA MISSION

251-111569523



GLOBAL-CRANIO-SACRAL

251-118962731



251-118962732



11011



GOJEB DENTAL CLINIC

251-111566521



251-111566296



251-111551843



22159



gojebh@ethionet.et",,,,,
,,,,,,
,,,,,,
,,,,,,
,"HAVISH DENTAL

251-913283793



251-911826106



havishdental@gmail.com



HALETA SPECIAL DENTAL CLINIC

251-920053126



251-911614393



yeshibuta@gmail.com



HEMEN MATERNAL & CHILDREN SPECIALITY MEDICAL CENTER

251-919484405



251-910884982



hemenmch.info@gmail.com



HIND EYE CLINIC

251-118604777



251-921305000



hind@ethionet.et



INTER MEDICAL DIAGNOSTIC IMAGING CENTER

251-115530632



251-115530643



251-115530691



251-912395150



IRIS EYE CLINIC

251-118604951



251-111116515



251-911961071



251-911614967



IVORY DENTAL CLINIC

251-113727400



251-930106175



KONJIT SPECIALTY DENTAL CLINIC

251-111118497



27227



LIZI HIGHER DENTAL CLINIC

251-115545938



LULITA DENTAL CLINIC (DR.TSEHAY BERHANE )

251-114162177



251-912119279



LULITTA HIGHER SPECIAL CLINIC PLC

251-114162177



MARAKI DENTAL CLINIC

251-911408603



MERCI CARE HEALTH CENTER

251-111569523



MARCIA SURGICAL CENTER

251-115579490



251-930109751



www.ethiosurgery.com",,,,,
,,,,,,
,,,,,,
,,,,,,
,"MASTER DENTAL CLINIC

251-115517598



251-111564881



1556



MEDEHANIYALEM DENTAL CLINIC

251-115510623



MEKDIM SPECIAL E.N.T CLINIC

251-116636667



251-912608100



19212



MEKIDEM SPECIAL NECK CLINIC

251-116636667



251-913019439



MERSO SPRCIAL EYE. DENTAL AND OPTICAL SPECIALIST

251-115547903



251-116638839



251-115547904



251-116638838



251-911406768



251-911255689



251-911255690



251-911218766



251-115547907



MESERET HIGHER DENTAL CLINIC

251-111577864/65



251-911806382



17755



meseretdental@yahoo.com



MIKIAS DENTAL SERVICE PLC

251-116180523/4



251-116180520



101639



mik.makonen@telecomnet.et



MINA DENT HIGHER SPECIAL DENTAL CLINIC

251-113206220



251-924842084



251-910999555



251-911242355



minadent@ethionet.et



MINA SPECIAL DENTAL CLINIC

251-113206220



MRC-ET MOLECULAR DIAGNOSTICS

251-116394118



251-910678594



251-116394096



80593



info@mrc-et.com



www.mrc-et.com



MUNIRE SPECIAL DENTAL CLINIC

251-112758074



251-912063272



NAHOM DENTAL CLINIC

251-116675633



251-913060933



251-911616502



251-913006741



251-929289360



251-911883327",,,,,
,,,,,,
,,,,,,
,,,,,,
,"NASH SPECIALTY DENTAL CLINIC

251-118549088



251-905262626



251-913858561



NEHEMIAH AUTISM CENTER

251-930012652



251-911658446



NIAT SPECIALIZED CLINIC

251-115514985



251-115523288



OIA INDIA EYE CARE CENTRE

251-115500410



251-115500411



251-115500412



OLD AIRPORT VETERINARY CLINIC

251-911209993



OPERATION SMILE

251-115547853/52



PURE-VISON MEDIUM OPTOMETRY CLINIC

251-118549088



251-905262626



251-913858561



RANK SPECIALIZED DERMATOLOGY CLINIC

251-115536074



251-115536075



251-114713189



251-912140412



251-943505050



251-943515151



251-947515151



ROYAL SPECIALIZED DENTAL CLINIC

251-118671127



251-977313167



info@royaldethiopia.com



www.royaldethiopia.com",,,,,
,,,,,,
,,,,,,
,,,,,,
,"SAHLE SELASSIE ARAYA DENTAL CLINIC & TRAINING CENTER PLC.

251-116185609



251-116185615



sahales@ethionet.et



SAINT MARY OPTICS PLC

251-118122201



251-911213900



251-911127970



saintmaryopticsp.l.c@gmail.com



SALEM DENTAL CLINIC

251-116630786



251-911401282



SENAY DENTAL CLINIC

251-111559550



SEYOUM SPECIAL EYE CLINIC PLC.

251-116463611



251-115515331



251-911242414



aifar@ethionet.et



SEYUM EYE CLINIC

251-116463611



251-911242414



SHALOM VET CARE CLINIC

251-116291877



251-911247335



SIGNUM VITAE EYE-CARE-CENTER

251-116625166



251-116625166



ST.PETER’S TB SPECIALZED HOSPITAL

251-111236234



251-111247826



251-111540291



251-111246174



21494



peterethiopian@gmail.com



SUN ABSAMI EYE MEDICAL

251-116611563



251-116611568



SUN OPTICS

251-111567575



251-111567578



251-116183559



251-111551777



251-115528008





www.suneyetech.com



SUNAPPASAMY EYE CARE CENTER

251-116611563



251-116611568



THE CENTER FOR EYE CARE PLC.

251-116639405



251-116620755



TIRITA HOME BASED HEALTH CARE AND AMBULANCE PLC

251-965500000



TONEAM DENTAL CLINIC

251-116620031



251-911240022



251-11236854



6269



UNION SPECIAL DENTAL CLINIC

251-116615871



uniondental@ethionet.et",,,,,
,,,,,,
,,,,,,
,,,,,,
,"SAHLE SELASSIE ARAYA DENTAL CLINIC & TRAINING CENTER PLC.

251-116185609



251-116185615



sahales@ethionet.et



SAINT MARY OPTICS PLC

251-118122201



251-911213900



251-911127970



saintmaryopticsp.l.c@gmail.com



SALEM DENTAL CLINIC

251-116630786



251-911401282



SENAY DENTAL CLINIC

251-111559550



SEYOUM SPECIAL EYE CLINIC PLC.

251-116463611



251-115515331



251-911242414



aifar@ethionet.et



SEYUM EYE CLINIC

251-116463611



251-911242414



SHALOM VET CARE CLINIC

251-116291877



251-911247335



SIGNUM VITAE EYE-CARE-CENTER

251-116625166



251-116625166



ST.PETER’S TB SPECIALZED HOSPITAL

251-111236234



251-111247826



251-111540291



251-111246174



21494



peterethiopian@gmail.com



SUN ABSAMI EYE MEDICAL

251-116611563



251-116611568



SUN OPTICS

251-111567575



251-111567578



251-116183559



251-111551777



251-115528008





www.suneyetech.com



SUNAPPASAMY EYE CARE CENTER

251-116611563



251-116611568



THE CENTER FOR EYE CARE PLC.

251-116639405



251-116620755



TIRITA HOME BASED HEALTH CARE AND AMBULANCE PLC

251-965500000



TONEAM DENTAL CLINIC

251-116620031



251-911240022



251-11236854



6269



UNION SPECIAL DENTAL CLINIC

251-116615871



uniondental@ethionet.et",,,,,
,,,,,,
,,,,,,
,,,,,,
,,,,,,
,,,,,,
,"UNIOUN DENTAL CLINIC

251-116615871



VISION EXPRESS SPECIALIST EYE CLINIC

251-115580642



251-929036295



251-115580643



vxaddis@gmail.com



WAGA VISION

251-116180186



251-118296566



251-116180184



17264



wggavision@gmail.com



www.wggamedical.com



WAGGA SPECIALIZED CLINIC

251-116180186



251-931520952



WIWA DENT HIGHER DENTAL CLINIC

251-113206202



minadent@ethionet.et



YAREGAL DENTAL CLINIC

251-911136435



251-922951537



ZINNIA AESTHETICS & ANTI-AGING CLINIC

251-118681624



251-929922966



www.zinniaaesthetics.com",,,,,
,,,,,,
,,,,,,
,,,,,,
,,,,,,
,,,,,,
,,,,,,
,VETERINARY DRUGS EQUIPMENT,,,,,
,,,,,,
,"DAT INTERNATIONAL TRADING PLC

251118126113



251911519105



tenayedat@gmail.com



ermiasdat@gmail.com



www.datinternational.net",,,,,
,"3B VETERINARY DRUG SHOP

251-115534311



251-115534266



ADDIS DRUG STORE

251-116545458



9342



AGRIN ETHIOPIA P.L.C

251-911231969



AGRO-VET PRIVATE LIMITED COMPANY

251-115544749



251-911203849



251-115544730



agrovetplc1997@gmail.com



AGTECH TRADING PLC

251-111570890



251-911408009



251-111570900



agtechplc@gmail.com



ALIUM PHARMACY

251-111552187



allumph@ethionet.et



AMBASSADOR VETERINARY

251-115510623



AMETCO EXPORT AND IMPORT PLC

251-115524144



251-911248915



251-115543800



9983



ametco7@hotmail.com



ANEREB PLC

251-116461801



251-116461802



251-116461803



251-116461798



90505



ang.ent@ethionet.et



www.angerebplc.com



BIOTECH PVT.LTD.CO

251-911223892



251-911885596



101601



biotech_maru@biotechet.com



info@biotechet.com



www.biotechethiopia.com



BIOVET IMPORTS

251-118547388



251-911114087



contact.biovet@gmail.com



GASCO TRADING PLC

251-115513337



251-115531865



251-911201172



251-115514775



130032



gasco@ethionet.et



www.gascotrading.org.et",,,,,
,,,,,,
,,,,,,
,,,,,,
,"GENERAL CHEMICALS AND TRADING PLC.

251-115522785



251-115522784



251-115510187/88



251-911201107



251-115514979



251-115522787



5620



gct@ethionet.et



GESHENPHARMA GENERAL TRADIN GPLC.

251-118302680



251-118608448



geshenpharma@yahoo.com



GOBELELE VETERINARY MEDICINE IMPORT

251-913279649



HIWOT VET DRUGS AND PESTCONTROL SERVICE

251-251125445



DireDawa



INTERNATIONAL VETERINARY SHPE

251-582201574



JIJE LABOGLASS PLC

251-113720701



251-113720702



251-911662491



251-113720703



70077



info@jijelaboglassplc.com



jije@ethionet.et



www.jijelaboglass.com



KALWIN MULTI SUPPLY PLC.

251-111552622



251-111550675



251-111551265



251-911201166



251-111550793



14084



kalwin@ethionet.et



kalwin1@ethionet.et



LOUL PHARMACEUTICALS TRADING PLC.

251-114655897



251-114668615



lopha@ethionet.et",,,,,
,,,,,,
,,,,,,
,,,,,,
,"MARKOS PLC

251-111273319



251-111273312



251-111268085



251-934497911



251-934497915



251-934497916



251-934497908



251-111273318



50964



destad@markosplc.net



MENBERE TRADING PLC.

251-112763164



251-112765275



NASSRI VETERINERY DRUG SHOP

251-112766689



NATIONAL VETERINARY INSTITUTE

251-114338411



251-114338416



251-911510894



251-114333900



19DebreZeit



nci-rt@ethionet.et



www.nvi.com.et



PAN AFRICA VETERINARY

251-114338844



251-114338844



panvac@ethionet.et



R.G. AND PARTNERS PLC.

251-115516255



251-911202386



251-115511111



9135



rgandpartners@ethionet.et



RANG ENGINEERING PLC

251-115547160



251-115546247



251-911514093



251-911756840



251-115546237



688



info@rangenginering.com



www.rangenginering.com",,,,,
,,,,,,
,,,,,,
,,,,,,
,,,,,,
,,,,,,
,,,,,,
,,,,,,
,"SALEM DKMT DENTAL CLINIC

251-118224017



251-118693195



251-116674664



251-911690807



251-911401282



twmesfin@yahoo.com



www.salemdkmtdentalclinic.com



SHIMELIS W/SELASSIE VETRINARY SHOP

251-115531170



251-116630674



TANA VETERINARY CLINIC

251-116462681



251-116462681



agrovet@ethionet.et



TROPICAL PHARME TRADING

251-116185442



251-924307668



251-116185445



pharmatropical@gmail.com



www.tropicalpharmeth.com



VEGAS VETRENARY CLINIC

251-116632565



ayeleden@yahoo.com



WISE TEAM PLC

251-111564514



251-911607340



251-111564521



26335



team.wise60@gmail.com",,,,,
,,,,,,
,,,,,,
,,,,,,
,,,,,,
,,,,,,
,,,,,,
,,,,,,
,,,,,,
,,,,,,
,,,,,,
,"LogoOpen main menu
Close menu

Home
Companies
About Us
Contact Us
WATER PURIFICATION
Health


BISHAN GARI WATER PURIFICATION INDUSTRY PLC

251-115512587



251-118693582



251-115518372



3345



bishpurifier@ethionet.et



www.bishanpurifier.com



CITRUS INTERNATIONAL TRADING PLC

251-116620915



251-116620916



251-911227375



251-913515005



251-116620917



menassie2002@yahoo.com



info@citrusint.com



www.citrus.com



MESP AFRICA BUSINESS P.L.C

251-116638734



251-116638745



info@mespafrica.com



mespafrica@ethionet.et



Home
Companies
HOme
About
Contact",,,,,
,,,,,,
,,,,,,
,,,,,,
,,,,,,
,,,,,,
