,Media & Advertising,,,,,
,,,,,,
,,,,,,
,ADVERTISING PROMOTION,,,,,
,,,,,,
,,,,,,
,"ABRO PRINTING ANDADVERTISMENT PLC

251911684743



251115549496



251911234122



251980191320



abroprint@gmail.com




ALE DES INDUSTRY AND TRADE PLC

251118100576



251911517070



251911204666




CACTUS PLC

251115544901



info@cactusethiopia.com



www.cactusethiopia.com




CLASSIC ADVERTISING

251-911531400



251-911907675



classicadvertprint@gmail.com




EBRO MEDIA AND COMMUNICATION

251118211414



251911251306



251920717184



info@ebromediaandcommunication.com



www.ebromediaandcommunication.com




ELEGANT DESIGN & PRINT

251913121812



251930533442



infooelias@gmail.com



www.elegantprintsolution.com",,,,,
,,,,,,
,,,,,,
,,,,,,
,,,,,,
,,,,,,
,"INFINITY DESIGN PLC

251911478043



251913673424



infinitydesignplc@gmail.com



Milliaech85@gmail.com




M ADVERTISING

251911240946



251955404040



mesfin240946@gmail.com



Mesfinuae2022@gmail.com




M-SIGNAGES ADVERTISING

251911249811



251947921365



msignages@gmail.com



www.msignes.com




MAS ADVERT & PRINTING PRESS

251118523680



251911666205



251911694148



hiyyabey@gmail.com



Mas_advert@yahoo.com




MY GRAPHICS & PRINTING

251911112076



251912603894



my_graphics@yahoo.com",,,,,
,,,,,,
,,,,,,
,,,,,,
,,,,,,
,,,,,,
,"OPANTHER MEDIA PRODUCTION AND DESIGN

251913389768



info@opanthermedia.com



www.opantermedia.com




RAHBAN IMPORT

251115622415



251926751781



251948717171



ragbanimport@gmail.com




SHIMELS PRINTING PRESS

251116354317





251911073735



251988204858



shimelsjemal29@gmail.com



251 COMMUNICATION

251-116635235



251-116621824



2MERCATO .COM

251-911513842



251-911197478



3G MARKETING ANDCOMMUNICATION PLC

251-114670480



251-118500650



info@inethiopianet



www.inethiopia.net



3S ADVERT

251-911110008



AAS INTERNATIONAL

251-116623451



251-116249449



251-116623939



251-116624949



2474



aasi@ethionet.et



aasi@aasiethiopia.com



www.aasiethiopia.com



ABE HABEN ADVERTISING

251-965027272



251-921599533



ABREHAM GIZAW ENTERTAINMENT

251-912374014



251-911248556



17117



abrehamgizaw@gmail.com",,,,,
,,,,,,
,,,,,,
,,,,,,
,,,,,,
,,,,,,
,,,,,,
,,,,,,
,"ABYSSINA ADVERTISING ANDARTWORK PLC

251-115530310



ABYSSINA PROMOTION

251-256668534



ADDIS BERHAN TRADING ANDADVERTISING

251-114666272



251-911221901



251-114161061



addisbta_06@yahoo.com



ADDIS BUSINESS CARD PRINTING

251-923295232



251-911888515



ADEWA PICTURES

251-911824640



ADEY PUBLIC RELATIONSCONSULTANCY

251-116620876



251-114420618



251-916620875



251-116620875



ADEY TENSAE MEDIA ANDENTERTAINMENT PLC

251-111580808



251-111275350



251-111275351



251-111554546



251-111119848



251-111119995



251-111275354



adiambiz@ethionet.etinfo@shegerfm.com



shegerfm102.1radio



www.shegerfm.com



ADMAS W/SILASH ABIREHA

251-118500413



251-911235192



251-910612587



101764



ADMASS ADVERTISING PLC

251-115513666



251-115155222



251-115153660



251-911243300



251-115513347



12324



addisadmass@ethionet.et



ADWEST DIGITAL ADVERTISING P.L.C.

251-115152236



251-911200737



eshetuadwest@gmail.com



AFALAGI SEARCH ENGINE PLC

251-115585454



8123



info@afalagi.com



www.afalagi.com



AFO ADVERTISING

251-111554940



AFRICA THEATER PROMOTION ANDADVERTISING

251-116553912



251-911224344



251-111249011



26210



africaaleign@yahoo.com",,,,,
,,,,,,
,,,,,,
,,,,,,
,,,,,,
,,,,,,
,,,,,,
,,,,,,
,"AFRO DAN PLC

251-114655414



251-114652590



251-911210286



251-114668316



AFRO LINK STUDIO

251-116626748



251-116631965



AFRO MARKET BRIDGE ENTERPRISE

251-115511155



251-111553957



AFRO-KAS INVESTMENTHOLDINGS PLC

251-111572480



251-112551673



251-911218387



251-111564950



50760



sisay.@yahoo.com



AGILENT GROUP PLC

251-115526667



251-115158409



251-911638870



251-116631727



1984/1110



demilewtaal@yahoo.com



AKLESS PAPER PRODUCTS PLC

251-118959998



251-911671110



251-911217787



akless0911671110@gmail.com



AKPAC

251-111232604



251-911207621



251-111232605



22373



akpac@ethionet.et



ALOHA PRINTING & ADVERTISING

251-118593070



251-911254830



251-911009471



alohaprint3@gmail.com



ALPHA GENERAL ADVERTISING

251-344415633



ALPHA TIBEB ADVERTISING

251-911526830



251-930533824



251-911216573



alphatibeb@gmail.com



www.alpha-tibeb.com



AMAN & MIFTAH PRINTING AND ADVERTISING

251-911736806



AMARE MENGISTU G/HIWOT

251-114423111



251-911207063



251-114409717



2202



eht-am@ethionet.et



AMBELU ADVERTISING

251-582263412



AMEN PUBLIC RELATION AND DATAPROCESSING SERVICES PLC

251-911615300



251-911469888



abem21@yahoo.com



negussiee@yahoo.com",,,,,
,,,,,,
,,,,,,
,,,,,,
,,,,,,
,,,,,,
,,,,,,
,,,,,,
,"AMILION PRINTING AND ADVERTISING

251-114706429



251-911439456



251-911344326



251-114671375



251-116457412



1149CODE1250



info@amlionads.com



general.manager@amlionads.com



AMT COMMUNICATION

251-118964909



AMU ADVERT & PRINT

251-933186331



251-983388151



ANNAM MARKETING SOLUTION PLC

251-118501334



251-116621561



251-116621560



251-116621561



2559/1250



annammarketing@yahoo.com



ANTS TRADING AND SERVICES PLC

251-114670167



251-114669411



251-114167108



251-911216573



251-114165426



251-114670167



17654



s_aklilu2000@yahoo.com



alphatad@ethionet.et



arc ADVERTISING AND PRINTING PLC

251-919819381



251-919385173



251-919385175



251-919385147



customerservice@arcadverteth.com



www.arcadverteth.com



ARSI ATLETIC RESOURCE SERVICESINTERNATIONAL TRADING PLC

251-114672929



251-114673132



123413



tamfotra@yahoo.com



ART LAND STUDIO

251-911123214



251-911657381



ASHER INTERNATIONAL PLC

251-115544343



251-116525486



251-911208919



251-911674739



251-115544095



asher@ethionet.et



www.asherinternational.com



ASHU ADVERTISING AND PRINTING PRESS

251-911983629



ASMIRE ADVERTISING WORK

251-911163349



ASTAR ADVERTISING PLC

251-114426100



251-114426111



251-114425428



251-114424422



1958code1110



astar@ethionet.etcontact@astarglobal.com



www.astarglobal.com



ATSEDE G/MESKEL SEYOUM

251-114671057



251-114670303



251-911442841



251-114670302



12918



atsedeg15@waltainfo.comwlc@waltaento.com



www.waltat.com",,,,,
,,,,,,
,,,,,,
,,,,,,
,,,,,,
,,,,,,
,,,,,,
,,,,,,
,"AVAST ADVERTISING

251-118693222



251-911202613



avastethiopia@gmail.com



AWRAMBA TIMES

251-911629282



251-911629281



7949



awrambatimes@gmail.com



AWRARIS BEKELE BAYOU

251-111273278



251-911600488



167/1029



AXIS MARKETING SERVICES PLC

251-115580088



axisethiopia@gmail.com



www.axisethiopia.com



AXIS MARKETING SERVICES PLC

251-115580088



251-920600006



info@axisethiopia.com



axisethiopia@gmail.com



www.axisethiopia.com



AY ADVERTISING AND PRINTING

251-118101426



251-116181451



251-911107405



251-911082343



ayadvertising@yahoo.com



AYU PRINTING AND ADVERTIZINGWORK

251-913670765



251-911177627



BALGERU RECORDS

251-118959798



BANANA ADVERT AND TRADE

251-118503205



251-118503205



samibanana43@yahoo.com



BANDIRA ADDIS MAPENTERTAINMENT PLC

251-114427561



251-911207063



21265/1000



info@addismap.com



www.addismap.com/bandira



BAZEN ENTERTAINMENT P.L.C(AFRICA CINEMA)

251-118310067



251-911581866



BDB ADVERTISING

251-911259055



BEAM IT SOLUTIONS PLC

251-114662694



251-911439458



info@ethiotender.com



www.ethiotender.com



www.beamitsolutions.com",,,,,
,,,,,,
,,,,,,
,,,,,,
,,,,,,
,,,,,,
,"BEGBO ADVERTISING & PRINTING

251-118673788



251-933903333



begboadvertizing@yahoo.com



www.begbo.com



BELIEVE DIGITAL PRINT ANDADVERTISING PLC

251-118965621



251-930078123



251-912123915



1188-1250



terefewubneh@rocketmail.com



BENAYAS GENERAL TRADING

251-911535839



BERHE ASSEFA PROMOTION

251-116513051



batethio@yahoo.com



BERRY ADVERTISING

info@berryethiopia.com



www.berryethiopia.com



BETHLEHEM PRINTING ANDADVERTISING

251-114661728



BEZABU TRADING (SEARCHPROMOTION)

251-116297041



251-116297040



searchpromotion@ethionet.et



BEZUWERK PRINTING PRESS

251-118127312



251-978424242



251-925507171



www.tewobaze.com



BH ADVERTISING AND PRINTING

251-912378434



BINARY PRINTING AND COMPUTERSERVICE

251-911658541



251-912412525



binaryeth@gmail.com



senwas.5@gmail.com



BINI ADVERTISING

251-913643188



BINIYAM AND BEZAWORK PRINTINGAND ADVERTISING

251-924038888



BIRUK GALLERY AND ADVERTISING OFFICE

251-911415930



251-911146971



BIRUK WOLDEYOHANNES DUTEBO

251-112791425



251-911145524



28447/1000



rapture@ethionet.et",,,,,
,,,,,,
,,,,,,
,,,,,,
,,,,,,
,,,,,,
,"BLACK ANGELS FILM PRODUCTION

251-116558452



251-911142531



fazikaz@yahoo.com



BLACK PANTHERS ADVERTISING

251-118966062



251-911514572



251-114670573



2709/1000



blackpanthersadvert@gmail.com



BLACK PANTHERS BUSINESS PLC

251-114670571



251-114670573



sebli27@yahoo.com



BLUE CAMP PROMOTION P.L.C.

251-118500498



251-911235192



BOB ADVERTISING PLC

251-911304361



251-911723130



251-921347585



7757



bobadvert@gmail.com



BOLE ADVERTISING

251-118685663



251-911235786



boleadvert1@gmail.com



boleadvert1@yahoo.com



www.boleadvert.com



BROOKS PICTURE ADVERTIZING

251-911608988



251-912626426



BT DIGITAL BUSINESSBRIDGE PLC

251-118966442



251-911236507



251-911214070



bt.digital.business.bridge.plc@gmail.com



www.btbusinessgroup.com



CENTURY GENERAL TRADING PLC

251-112765182



251-112777557



251-114655414



251-911210286



251-112752010



251-114668316



info@centurypromotion.com



century@ethionet.et



www.centurypromotion.com



CHANNEL STUDIO

251-111561163



251-111557376



251-911212747



25301



channelstudiogh@yahoo.com",,,,,
,,,,,,
,,,,,,
,,,,,,
,,,,,,
,,,,,,
,"CHORA PRINTING AND ADVERTIZING

251-910704878



CLIMAX TECHNOLOGIES PLC

251-18603091



251-911127216



info@climaxtechnologies.com



www.climaxtecnologies.com



www.mekina.net



www.sheger.net



www.betoch.net



COM ADV ADVERTIZING ANDPUBLISHING ENTERPRISE PLC

251-111571770



251-111558771



100219



COMBE PICTURES ADVERT

251-911769788



COMPUTER ASSOCIATES PLC

251-115518851



251-115515951



251-911203301



251-116454845



7195



computerassociates@ethionet.et



CONSULTANCY VARIOUS

251-115514535



251-115514492



251-113727896



251-911110137



251-115150578



1661/1110



sammeade@ethionet.et



COOL ROAD ADVERTISING

251-911037441



251-911234020



12231



CTM PRINTING PLC

251-116632490



251-911735526



251-911101111



251-903181881



ber_ctm@yahoo.com



D.M.W MEDIA WORKS PLC

251-115524448



251-115524468



251-921796851



251-921796852



251-115524433



62617



dmw.mediaworksplc@ethionet.et



DA’AMAT MULTIMEDIA PRODUCTION

251-118296194



251-118334220



251-936010739



DAGU ADVERTISING

251-118961385



DANEL ADVERTIZING WORK

251-913049394



DAVE ADVERTISING

251-115533132



DEMO ADVERTISING AND

251-115512528



bsm@ethionet.et",,,,,
,,,,,,
,,,,,,
,,,,,,
,,,,,,
,,,,,,
,,,,,,
,"DERE ADVERTISING

251-911416761



251-935999924



DESTA BELAY GENERAL PRINTINGWORK

251-118688123



251-911770316



251-912737260



Destabelay2013@gmail.com



DIGITAL IMPRESSIONS

251-115152455



251-930014188



print@digital-impressions.biz



design@digital-impressions.biz



www.digital-impressions.biz



DIMTSI WEYANE TIGRAY (DWET) PLC

251-344409108



251-344403413



251-344410546



251-344405485



450



dwet@dimtsiwoyane.com



www.dimtsiwoyane.com



DMW ADVERTISING WORK

251-913368570



DOT COM TECHNICAL TRADING

251-116180698



DOUM MEDIA AND PROMOTION

251-911344202



251-911469931



DRA PROMOTION

251-111876967



251-911222553



251-911563875



251-111187106



DREAM PRINTING SERVICE PLC

251-118932044



251-911447473



251-929103417



251-911416761



dreamprintingplc@gmail.com



E.COM ADVERTISING

251-115540691



EAST AFRICA FILM PRODUCTION

251-111560618



251-911222497



eastafricanfilm@yahoo.com



EAZZY MEDIA & ADVERTISING PLC

251-911689555



251-947895211



info@eazzyint.com



www.eazzyint.com



EBIZ ONLINE SOLUTIONS PLC

251-115548939



251-115540692



info@2merkato.com



www.2merkato.com



EBS TV

251-116292282



251-116292285



251-116292287



info@ebstv.tv



www.ebstv.tv",,,,,
,,,,,,
,,,,,,
,,,,,,
,,,,,,
,,,,,,
,,,,,,
,"ECO PRINT

251-115152064



ECONOMICS AND CULTURALPROMOTION

251-115504982



251-115519702



537



ED STELER TRADING

251-115522936



251-911210486



251-114654799



13297



eshet_u@hotmail.com



EDUCATION/SCHOOL/TRAINING

251-115524444



251-115524393



251-115524686



251-911207630



251-115524444



181676



Basit@ethionet.et



EFFICIENT GENERAL TRADING PLCIMPORT, EXPORT AND COMMISSION AGENT

251-111565228



251-111113654



251-111572222



8729



efficient@ethionet.et



E-KASH CONSULTANCY, TRANING AND PROMOTION PLC

251-911811380



mykassios@yahoo.com



EMEBET ADVERTISING

251-938064196



251-913627934



EMINENCE SOCIAL ENTERPRENEURS

251-114165567



251-911418480



251-114165557



contact@eminence-se.com



www.eminence-se.com



EMMER ADVERT

251-911207828



251-911130158



ENDERAS NATIONAL PLC

251-116638868



251-116625974



enderas@ethionet.et



ERET PRINTIG AND ADVERTIZINGORGANIZATION

251-912092424



251-911609023



ERKAB PLC

251-114404128



251-112769494



251-112755210



erkabplc@ethionet.et



ERMIAS ADVERTISING

251-115570404



251-115570303



251-911218383



251-911249703



ermiase24@gmail.com



www.ermiasadvertising.com",,,,,
,,,,,,
,,,,,,
,,,,,,
,,,,,,
,,,,,,
,,,,,,
,"ESAYAS ADVERTISING

251-911524039



251-911638907



ESAYAS GIZAW MESHESHA

251-114407656



251-911221602



122865



ESSAG FILM PRODUCTION

251-114407556



251-911221602



251-911422742



251-912075031



essagfilm@ethionet.et



ESSAYAS GASHAW TADESSE

251-111638907



251-911638907



5080



ETEGE DESIGN

251-967001655



251-912270394





etegedesign@gmail.com



www.etegedesign.com



ETHEL ADVERTISING AND COMMUNICATION P.L.C

251-118695669



etheladvert@yahoo.com



haymiadvert@yahoo.com



ETHIO ADVERTISING

251-582204403



ethiocreative@yahoo.com



ETHIO CREATIVE ARTS AND COMMUNICATION

251-115155228



ETHIO SAYENA PLC

251-116185981



251-115539282



251-116628231



251-911224103



4090



natco@ethionet.et



ETHIO TENDER

251-913098530



251-911344326



ETHIO WEB ADVERT AND COMMISION AGENT

251-116180788



ETHIOGRAPHI PLC

251-115531959



251-911198492



251-910099495



251-931312227



251-115531934



1350



ethiogr@ethionet.et



ETHIOPIA ONLINE MARKET INFORMATION

251-115157381



251-911477879



1434/1250



ETHIOPIAN BROADCASTING CORPORATION

251-115513509



251-115513480



251-115513453



5544/1020



ebcspo@gmail.comSMS:800,801,802



www.ebc.et



ETHIOPIAN PRESS AGENCY

251-111569865



251-111572528



251-111572528



ewpc@ethionet.et",,,,,
,,,,,,
,,,,,,
,,,,,,
,,,,,,
,,,,,,
,"ETHIOPIAN WOMEN’S HANDICRAFT PROMOTION CENTER

251-116620452



FAIRTES PRINTING & ADVERTISING

251-111573344



251-111573987



251-911229275



251-111116767



fairtes@yahoo.com



FANA TELEVISION

251-115516777



251-115520652



251-115515039



30702



www.fanabc.com



FANTAHUN WOLDE ADVERTISING AND PRINTING SERVICE

251-115511039



251-116555189



251-911205632



251-911104864



251-115509318



fwolde@ethionet.et



abebeget@ethionet.et



FASIKA GETAHUN ADVERTIZING

251-115504940



fasildan@ethionet.et



FASIL DAN COMMUNICATION

251-116185199



FESTIVE TRAVEL AND EVENTS

251-934454344



5441



info@festiveteam.com



www.festiveteam.com



FINOT ADVERTISING

251-221118286



FNOT BERHAN ADVERTISING AND PRINTING PLC

251-116639635



251-911606198



fnotberhan.ad@hotmail.com



FREHIWOT SAHLU

251-116632221



251-911247854



251-116632221



26782/1000



addisconnexion@yahoo.com",,,,,
,,,,,,
,,,,,,
,,,,,,
,,,,,,
,,,,,,
,"GAA ADVERTIZING

251-115522498



GAAP DIGITAL ADVERTISMENT AND PROMOTION

251-112781513



GALAXY COMPUTER CENTER AND PROMOTION

251-582262740



GARISH PRINTING AND ADVERTIZING

251-115152226



link@ethionet.et



GATE LUCK STUDIO

251-911209939



251-912689684



251-913668989



gateluck21@gmail.com



Gate of the light ltd

251-118500067



251-116629534



23239



GEBEYANU BUSINESS PROMOTION AND COMMUNICATION

251-115509928



251-115526590



gebeyanu@yahoo.com



GELILA MEDIA AND ADVERTISING PLC

251-118301528



251-930013181



5900



gelilamedia@ethionet.et



GETAHUN KASSA

251-111558605



251-911211826



22170



GOAL PRINTING & ADVERTIZING

251-116514949



251-911665570



GOLD STONE INTERNATIONAL

251-116510583



251-118961820



GOLDEN HAND PRINTING AND ADVERTISING

251-111420506



GORO PROMOTION SERVICE P.L.C.

251-113724662



GRACE ADVERTISING

251-118237444



GRACE INTERNATIONAL ADVERTIZING AND CONSULTING

251-116532994



GRACE LED DIGITAL ADVERT AND ALUMINIUM DISPLAY PLC

251939797979



251932232323



251940383838



GRAY FOX ADVERTISING AND DIGITAL PRINTING

251-118302366



251-912601212



grayfoxethiopia@gmail.com",,,,,
,,,,,,
,,,,,,
,,,,,,
,,,,,,
,,,,,,
,,,,,,
,,,,,,
,,,,,,
,"HAB BUSINESS PLC

251-911665729



251-911234563



7584



habprinting@yahoo.com



www.nibdet.com



HABESHA WEEKLY PROMOTION PLC

251-116670685



251-116670686



251-118222237



251-118222238



251-911231284



251-911231285



251-975808076



251-975808080



CallCenter:8022



info@habeshaweekly.net



habeshaweekly@gmail.com



www.habeshaweekly.net



www.habeshaweekly.com



HABIB ADVERTISING AGENCY

251-582265466



HABTAMU PRINTING AND ADVERTISEMENT

251-911385831



251-912114517



HAJA GRAPHICS PRINTIGN WORKS PLC

251-116630158



haja.grap@yahoo.com



HAJABOU PROMOTIONS PLC

251-118503950



abbashjabdu@yahoo.com



HALAL PROMOTION PLC

251-118613039



251-118493868



halalpromotion@gmail.com



HALETA ADVERTISING MEDIA AND ENTERTAINMENT

251-115531999



251-115525613



halleta@ethionet.et



HALLAL ADVERTISING

251-911129675



HAMMER FOX BUSINESS ENTERPRISE PLC

251-116186533



251-116631275



251-116185286



info@hammerfoc.com



infohammerfox@gmail.com



HAN STIDO

251-911418056



251-911938864



imenjemal@yahoo.com



HANTER DIGITAL ADVERTISEMENT

251-911085886



HARIZON PRINTING AND ADVERTISING

251-115537922



251-115537922



6566



hpp@ethionet.et",,,,,
,,,,,,
,,,,,,
,,,,,,
,,,,,,
,,,,,,
,"HAYMI ADVERISING SERVICE

251-118955855



1316/1110



haymiadvert@yahoo.com



HEALTH INFO_ETHIOPIA

251-111235435



hie@ethionet.et



HELVETAS ETHIOPIA

251-344412450



251-344408245



HIYAW PRINTING AND ADVERTIZING

251-118284037



251-911218967



HORIZONS TRAVEL & BUSINESS COMMUNICATIONS PLC

251-115544755



251-115544776



info@ethiohorizon.com



www.ethiohorizon.com



HORN COMMUNICATIONS PLC

251-118592845



26288/1000



hornmedia@ethionet.et



www.horn-media.com



HULGEB ADVERTISING AND INFORMATION CENTER

251-111606505



251-111567831



HUNTER DIGITAL ADVERTISING PLC

251-112759048



251-912174019



251-921461144



251-910436389



251-112759049



jemilshaffeseman@yahoo.com



HYPER FILM & ADVERSTISEMENT

251-115547979



251-115547980



11852



hiper@ethionet.et



I.G ENTERTAINMENT

251-911405898



www.ethiopianidols.com



IB INTERNATIONAL BUSINESS

251-115511515



251-911202288



251-115516624



221



super@ethionet.et



ICON ADVERTISING

251-911637085



IMAGE STUDIO

251-111559624



omar-ezz@yahoo.com



INDEPENDENT NEWS AND MEDIA PLC (FORTUNE)

251-114163020



251-114163039



259code1110



www.addisfortune.com



INFINITI DIGITAL PRINTING & ADVERTISING PLC

251-118500378



251-911064417



251-911505781



infiniti.digital@yahoo.com",,,,,
,,,,,,
,,,,,,
,,,,,,
,,,,,,
,,,,,,
,"INFO LINK COMP.ADV

251-115540533



inffolinkadvt@yahoo.com



i-PRINT DIGITAL ADVERTISING PLC

251-115545777



251-911625759251-911523399



251-115545778



101292



info@iprintadvert.com



www.iprintadvert.com



ISRAEL PRINTING AND ADVERTISING

251-115534574



251-911683858



2269/1110



israeladvl@yahoo.com



J.ADI ART PROMOTION

251-115156253



251-115156449



j_adi.p@yahoo.com



JAN TEKEL MULTIMEDIA PRODUCTION

251-911818173



251-911194150



JERUSALEM ADVERTISING

251-116531328



JHON ADVERTISING & DIGITAL PRINT

251-911429952



JLOORD MEDIA

251-911142531



251-940846946



www.jloordmadia.com



JOY DIGITAL ADVERTISING AND PRINTING PLC

251-115517142



251-115517125



251-911621092



joyadvert@yahoo.com



KAL ADVERTISING

251-119248080



251-914315316



hiwotalem@gmail.com



KALAB ADVERTISING

251-910120689



251-911582159



251-913769821



KAM GLOBAL PICTURES

251-911403443



251-911217814



7439



kirubelmengesha@yahoo.com



www.kampicture.com



KEY LINE GENERAL PRINTING AND ADVERTISING

251-935986030/31



KEYE BAHERE PRINTING

251-112755692



251-911351051



251-112778374



24313/1000



KIDEST TESFAYE GEBRU

251-116533900



251-911226555



120560



ebenezer22@ethionet.et",,,,,
,,,,,,
,,,,,,
,,,,,,
,,,,,,
,,,,,,
,,,,,,
,"KIKI PROMOTION

251-911669671



KOLOLO PROMOTION AND COMMISSION AGENCY

251-929900004



251-929900003



KREATION GRAPHIC

251-116298284



251-116298284



KUSHITIC STUDIO

251-911952397



LABYSSINE INTERNATIONAL

251-922484852



251-922484850/51



LAZIM ADVERTISING

251-114671966



251-114671967



lazim@ethionet.et



LEBON MEDIA ADVERTISING PLC

251-116630863



251-116630864



251-913213121



251-913213131



251-116630831



info@lebonmedia.com



www.lebonmedia.com



LETARIK ADVERTIZING P.L.C

251-118959898



251-911630373



251-911515568



LIFE PRINTING P.L.C.

251-911467966



LIFE PUBLISHER PLC

251-911467966



251-913383686



180735



sheger2@yahoo.com



LINK NET

251-582207579



251-582209842



LION ADVERTISING AND PUBLIC RELATIONS ORGANIZATION

251-115527835



251-115527836



251-911207117



251-115512499



5372



lionadpr@ethionet.et



LIONSTRONG ENGINEERING & TRADING PLC

251-911641148



251-911116187



lionstrongplc@gmail.com



info@lionstrongplc.com



www.lionstrongplc.com",,,,,
,,,,,,
,,,,,,
,,,,,,
,,,,,,
,,,,,,
,,,,,,
,,,,,,
,,,,,,
,"LIYA AYELE MULATU

251-112833642



251-911101224



33939



liyaabesh.com



lizadprintings@gmail.com



LIZAD PRINTING AND ADV

251-118685189



LOYALITY IDENTITY AND INFORMATION GIVING CENTER

251-116519513



251-911163841



12967



loyalet@ethionet.et



LULE ADVERTIUZIG

251-922116933



251-911651061



MALDIVES PROMOTION

251-911158697



MARK ADVERT

251-115575858



251-115575859



251-911225797



251-913033759



markadvert29@gmail.com



info@markadvert.com



www.markadvert.com



MARKAN PRINTING AND ADVERTISING

251-939173129



MASOL ENTERPRISE

251-113204731



251-113204731



251-113204733



solomon@ethionet.et



MASTER FILM AND COMMUNICATION PLC

251-118609474



251-116636760



251-911214704



251-116636761



1556



masteredvc@yahoo.com



www.masterdvc.com



MAT ADVERTISING

251-911517173



MAVERICK PROMOTION PLC

251-116184344



80979



maverickplc@gmail.com



MAXREZ GRAPHICS AND PRINTING PL C

251-115524444



251-115524686



251-911207630



251-115524393



maxrezgraphics@gmail.com



MBS PROMOTION PLC

251-114661313



251-911559820



mbspromotion1@gmail.com



MEDI STUDIO

251-116180745



251-911613196



info@medi-studio.com



MEDIA AND COMMUNICATION CENTER

251-116616180



251-116616179



251-116616189



7023



mcc@ethio.net.et



www.ethiopianreport.com",,,,,
,,,,,,
,,,,,,
,,,,,,
,,,,,,
,,,,,,
,,,,,,
,,,,,,
,,,,,,
,,,,,,
,"MEDIA MATERS COMMUNICATION P.L.C

251-911998888



MEGA CREATIVE ARTS CENTER

251-115513400



251-115510919



MEKDI PRODUCTION PLC

251-116670771



251-930003852



251-911621911



info@mekdiproduction.com



www.mekdiproduction.com



MELABIN PROMOTION PLC(MESENAZERIA)

251-118500583



251-911937197



251-913458633



16328



wossenmeshubel@yahoo.com



MELKAM ADVERTISING

251-911947615



MELOR PRINTING AND ADVERTIZING WORK

251-911961767



MEMNON T-SHIRTS

251-118601714



251-911153778



251-911741512



MEMNONE PRINTING AND ADVERTISING SERVICE

251-930003995



251-911514084



MESFIN ALEMAYEHU ADVERTISING WORK

251-911138705



MESTAWET GRAPHIC, ADVERTISING AND PRINTING

251-118694700



251-930100901



251-911690261



2115



mestigraphic@gmail.com



www.mestwetgraphic.com



MESTEHALEY PRINTING AND ADVERTIZING ORGANIZATION

251-911602802



MICHAEL SEIFU ARAYA

251-116516067



251-912070652



170903



swiftsolution@ethionet.et



MICROMATIC PLC

251-111118863



251-116553742



251-911204872



251-111118863



21727



microwave88@hotmail.com



MILK WAY COMMUNICATION ENTERPRISE

251-115598067



251-911418270



3253



tiruq@yahoo.com



MILKA PRINTING & ADVERTISING

251-911697995



251-911259793



MINA DIGITAL ADVERTISING

251-111572020



251-911215115



251-111571286



183016



minaadvert@ethionet.et",,,,,
,,,,,,
,,,,,,
,,,,,,
,,,,,,
,,,,,,
,,,,,,
,,,,,,
,,,,,,
,,,,,,
,,,,,,
,,,,,,
,,,,,,
,"MIRAME PLC ADVERTISING AND GRAPHIC DESIGN

251-115504517



251-115505094



355



mirameplc@ethionet.et



MISIKIR GETANEW MEDIA AND PROMOTION

251-911177774



251-912660870



mesikarew@gmail.com



MOHAMMED KASSA ALI

251-111615530



251-911602795



251-112790274



27894/1000



careadd@hotmail.com



MONO 2000 ADVERTISING SERVICES PLC

251-116633060



251-116636314



251-116636315



251-911212091



251-116633061



1701code1110



monoplc@yahoo.com



MT COMMUNICATION PLC

251-111571282



251-111571283



mtcommunication@ethionet.et



MUMA ADVERT AND COMMUNICATION

251-935998276



MYRA GRAPHICS

251-116611515



251-913644534



251-925273505



251-984715474



251-984715475



251-116611516



17500AddisAbaba



graphicsmyra@gmail.com



myra@nitadplc.com



NAHOM BETHLHEM PRINTING AND ADVERTISING

251-114661728



251-911610804



59040



NATIONAL MECHANICAL ENGINEERING

251-114651380



mekdema@yahoo.com



NEON ABREHAM ENTERPRISE

251-111551138



251-111572811



grvembas@ethionet.et



NEON ADDIS PLC

251-111577230



251-111571736



251-911226145



1025



neonaddis@yahoo.com



neonad@ethionet.et



www.neonaddis.com",,,,,
,,,,,,
,,,,,,
,,,,,,
,,,,,,
,,,,,,
,,,,,,
,,,,,,
,,,,,,
,"NOHE MARKETING & PROMOTION SERVICE

251-118514735



251-911300151



333



noahjoesh@yahoo.com



NORTH45 COMMUNICATION

251-116183976



NOTA MARKETING AND PROMOTION

251-113203074



251-911242041



notamark@ethionet.et



ORA PROMOTION

251-116187169



ORBIT ADVERTIZING AND PROMOTIONAL GOODS

251-114671367



oribitad@ethionet.et



ORIENTAL STUDIO P.L.C.

251-911664204



251-911664204



OYAYA MULTIMEDIA PLC

251-115571253



251-118699059



251-911603077



251-115571258



3842



leulmm@gmail.com



bisratradioandtv@gmail.com



bisratfmmarketing@gmail.com



www.bisratfm.com



OZ FILM PRODUCTION AND ADVERTISING PLC

251-115546818



251-911195420



251-913740029



251-115546828



OZZIE TRADING

251-118693430



251-933004966



251-911600898



251-934240446



ozzietradingandconsult@gmail.com



www.ozzieethiopia.com



PACONET MEDIA PLC (AFRO FM 105.3)

251-111552200



251-111553377



251-111553444



251-911754128



251-111556113



6690AddisAbaba



info@afro105fm.com



www.afro105fm.com",,,,,
,,,,,,
,,,,,,
,,,,,,
,,,,,,
,,,,,,
,,,,,,
,,,,,,
,,,,,,
,,,,,,
,"PANORAMA PRINTING ANDPROMOTION PLC

251-115159496



panoramaprintingplc@gmail.com



PANPE ADVERTISING

251-911214228



251-911214228



PAPARAZZI ADVERTISING

251-912505191



251-911662057



251-913213238



paparazzyadv@gmail.com



PEAKOK ADVERTISING ENTERPRIZE

251-111272049



251-111272049



12750



PERMANENT EXHIBITION OF EGYPT

251-111551454



251-930000153



251-911122330



251-111550522



2969



asnigallery@ethionet.et



PETERS INDUSTRIAL ENTERPRISES PLC

251-911212765



251-911234020



info@3-peters.com



www.e-peters.com



PRANA EVENTS

251-116188769



251-116621202



251-930000153



251-929308366



info@pranapromotion.net



www.pranapromotion.net



PRESTER JOHN ENTERTAINMENTS

251-116623199



251-911423763



12231



info@presterjohnfilms.com



www.presterjohnfilms.com



PRIME PRINTING AND ADVERTISING

251-115545912



251-911449305



251-911470530



251-115545912



primeprt_adv@ethionet.et



PRO WORKS MULTIMEDIA

251-910885206



251-911661650



PROTOUCH DIGITAL PRINT &ADVERTISING

251-115156522



251-911106780



251-911651817



PRS 3D ANIMATION SCHOOL

251-116638414



251-116627682



ismu_moha@yahoo.com



www.prsanimation.com",,,,,
,,,,,,
,,,,,,
,,,,,,
,,,,,,
,,,,,,
,,,,,,
,,,,,,
,,,,,,
,,,,,,
,"QUEENS ADVERTISING ANDPRINTING

251-923000090



RACK FOCUS MULTIMEDIA

251-911637538



RADDIS PRINTING & ADVERTISING

251-911600488



251-911600488



251-911258693



RAINBOW ADVERT

251-911242161



RED FOX AGENCY

251-116635617



251-911222554



251-911523001



REHOBOT PRINTING PLC

251-114169027



251-114663773



251-114663801



251-114169026



100832



rehobot_p@yahoo.com



RETINA ADVERTISING

251-115524590



251-911368403



REVE STUDIO PLC

251-115518722



251-911526690



251-911514501



251-116623058



6499



ravestudio@ethionet.et



RIDON PRINTING AND ADVERTISING

251-941432060



251-925899329



RIGHT SPOT TRAVEL AND TOUR

251-114674134



251-114674135



1215code1110



info@rightspottour.com



rightspotet@gmail.com



www.rightspottour.com",,,,,
,,,,,,
,,,,,,
,,,,,,
,,,,,,
,,,,,,
,,,,,,
,,,,,,
,,,,,,
,"ROHOBOT PROMOTION

251-116612023



ROMAN AND FASIL VIDEO PRODUCTION P.L.C

251-920927835



251-930013078



ROME PRINTING PRESS ANDADVERTISEMENT

251-462202942



251-911789220



251-911424877



ROSA PRINTING AND ADVERTISING

251-111555527



180703



RUTA IMPEX PLC

251-911246500



ababu_woldesemayat@yahoo.com



SAB ADVERTISING SERVICE

251-115505029



251-115533523



40764



sabpub@ethionet.et



SABA DIGITAL PRINTING AND ADVERTISIMENT

251-115510836



sabe.advert@yahoo.com



SALAYSH FINE ART ANDADVERTISEMENT ENTERPRISE

251-115504576



251-911110137



SAMRACH FILM AND MEDIA PRODUCTION

251-114167767



251-911470707



9088



SAMSON ADVERTISING

251-910693892



251-948101010



samsonadv@gmail.com



SARA BUILDING MATERIAL

251-115503412



251-111575612



asseku@yahoo.com



SAT ADVERTISING AGENCY

251-111117835



satadvert@yahoo.com



SEARCH PROMOTION AND ADVERTIZING PLC

251-116297041



251-116297040



searchplc@ethionet.et



SEIFU PUBLISHER & ADEVRTISING

251-111275454



23252



SELEMON ASMELASH ADVERTISINGAND MEDIA WORK

251-116670585



251-911610805



SENDEK PRINTING AND ADVERTISING SERVICE PLC

251-116628190



251-116184034



abebeferew@gmail.com



kinfu2006@yahoo.com",,,,,
,,,,,,
,,,,,,
,,,,,,
,,,,,,
,,,,,,
,,,,,,
,,,,,,
,,,,,,
,"SERAWIT MULTIMEDIA PRODUCTION

251-114160490



251-114163108



251-911211598



251-911664362



251-114670073



sfikre5@yahoo.com



www.serawitmultimedia.com



SEREDIN MUBAREK GENERAL IMPORTER

251-911516161



SHADIEM MEDIA COMMUNICATIONAND EVENT ORGANIZING P.L.C

251-911179889



251-935999090



251-930077052



26022



henocklifeisgood@gmail



SHARP VIDEOGRAPHY

251-114669766



251-114666407



251-911628644



251-920157255



251-930032985



251-911383349



zelalem@sharpvideography.com



sharp_vg@yahoo.com



sharpvg@ethionet.et





www.sharpvideography.com



SHEMELESE BEKELE MULTI MEDIA

251-911236070



SIVANET GENERAL TRADING PLC

251-118613691



jmsam2010@gmail.com



SLIM MERCANTILE

251-111112999



Mob:251-911869389



251-913055114



SOL ADVERTISING STUDIO

251-116180281



SOL STUDIO PLC

251-115547184



251-115547184



solfilmandadivert@ethionet.et



solfilmandadvert@yahoo.com



SOLOMON ASMELASH ADVERTISING & MEDIA SERVICE

251-116670585



251-116670603



11852



asmelashs@yahoo.com



SOLOMON MENBER BEZABH

251-115158888



251-911603871



62201



abenizer@yahoo.com",,,,,
,,,,,,
,,,,,,
,,,,,,
,,,,,,
,,,,,,
,,,,,,
,,,,,,
,,,,,,
,,,,,,
,"SONIC SCREEN ADVERTISEMENT

251-116616102



251-116616103



251-116616104



251-116616105



9497



info@sonicscreen.com



www.sonicscreen.com



SOUL ADVERTISING SERVICE

251-116631316



251-115531937



SPECIFY BUILDING PRODUCT INFORMATION

251-113719091



251-911101177



251-113729741



41189



www.specififyethiopia.com



SPOT’S IMPRESSION ADVERTISING

251-116184061



251-911681357



STAR DIGITAL STUDIO

251-115546444



251-91222934



241/1000



star@ethionet.et



STARLING ADVERTIZING

251-111563730



251-911153012



251-911685468



251-111551511



Stormingigpa@yahoo.com



STORM IMAGING PRINTING AND ADVERTISING

251-111153012



251-911245587



STUDIO NET PLC

251-116611298



8206



info@studionetonline.com



www.studionetonline.com



STUDIO SAMSON ADDIS

251-344415896



251-911121975



251-913055455



SUBI PROMOTION

251-115523456



251-115523455



251-911138989



251-911081717



251-913214747



54800



subipromotion@gmail.com



www.subtrading.com



SUN PRINTING & ADVERTIZING

251-911565255



251-911479397



251-913228312



21014/1000



SUNLIGHT DIGITAL ADVERTISING AND PRINTING

251-911138989



251-967898989



251-923466666



sunlightjovi@gmail.com



Facebook:Sunlightdigitaladvertisin



SURAFEL KIROS BUSINESS CENTER

251-114661337



251-911244004



SYSCOM PLC

251-116183253



251-116610976



251-911226900



251-944732300



info@capitalethiopia.com



Facebook.com/capitalethiopia



www.capitalethiopia.com",,,,,
,,,,,,
,,,,,,
,,,,,,
,,,,,,
,,,,,,
,,,,,,
,,,,,,
,,,,,,
,,,,,,
,"SYSTRON ADVERTISING PLC

251-116631208



251-116631209



251-116610565



62875



systron@ethionet.et



www.systeonadverising.com



T.Y SHALOM PROMOTION P.L.C

251-111579400



251-111579401





251-911244004



251-111579398



21835



tys.shalom@ethionet.et



TAMESOL COMMUNICATION PLC

251-115549329



tamesolau@gmail.com



TAMIRU MULTI MEDIA PRODUCTION PLC

251-115551045



251-115501097



tamirumultimedia@ethionet.et



TANA ENTERTAINMENT P.L.C

251-911761007



TASTE OF ADDIS AFRICA (TAAF) PLC

251-115546516



251-115546517



nfo@tasteofaddisafrica.com



TEDDY STUDIO

251-115537986



251-115527910



251-911677891



251-115541514



251-115529030



www.teddystudio.com





TESFAYE MULATU ANDAREGE

251-115156257



251-911224244



251-115505109



62112



tesfaplc@ethionet.et



TEWANNEY STUDIO PLC

251-114401867



251-114421868



251-114421866



251-114406436



1958/1000



tewanney@ethionet.et



www.tewanneystudio.com



THE DAILY MONITOR

251-111560199



251-111560794



251-111560791



251-111560515



4502AddisAbaba



themonitor@ethionet.et



thedailymonitor@gmail.com



monitorads@yahoo.com



www.theafricamonitor.com



TIBEB ADVERTISING AND DISTRIBUTION AGENCY

251-115156505



251-115511058



TIMBER PRODUCTION PLC

251-911208075



timber2@yahoo.com



TINSAE ART CONSULTANCE

251-113208075



251-911570129



251-116620875



23592/1000",,,,,
,,,,,,
,,,,,,
,,,,,,
,,,,,,
,,,,,,
,,,,,,
,,,,,,
,,,,,,
,,,,,,
,,,,,,
,"TIS ABAY PROMOTION SERVICE

251-115505098



251-115505085



1485/1110



TOP LINK COMPUTER CENTER AND ADVERTIZING

251-115541142



251-911791341



life_alem@yahoo.com



TSEHAY ASSEFA ACHAME

251-111550240



58188



sepenfpro@yahoo.com



TSEHAYE ADVERTISING

251-582203523



251-911202437



TUTU AND HER FAMILY COMMERCIAL PLC

251-116457180



251-911208245



251-116457591



251-115531763



781/1250



tutu.honey@yahoo.com



TWO FIVE ONE COMMUNICATIONS AND MARKETING PLC

251-116621824



2357



info@251communications.com



www.251communications.com



TWOTS PRINTING

251-114671260



251-911526548



251-114671227



88CODE1110



www.2tsprinting.com



UIH BUSINESS PLC

251-118510049



zafroabc@gmail.com



www.zafroabc.com



UIP BUSINESS CENTER

251-111566496



251-111553979



55581



uip@telecom.net.et



ULTRA ADVERTISING

251-911529133



251-920564747



ultrasolomon@yahoo.com



V-NOBLENET PRINTING AND ADVERTIZING

251-118334090



251-911245944



251-911245948



vnoblenet2020@gmail.com



VALOUR PROMOTION P.L.C

251-112781513



251-112781513



251-911825366



50693



adnan2000@yahoo.com",,,,,
,,,,,,
,,,,,,
,,,,,,
,,,,,,
,,,,,,
,,,,,,
,,,,,,
,,,,,,
,"VASCU TEC PROMOTION P.L.C

251-115545743



251-911604713



VEGAS ADVERTISING

251-911192031



VENITA TRADING PLC

251-116670124



251-911673549



251-936010781



abitiye@yahoo.com



VIP ADVERTISING AND PRINTING

251-111566496



vip@ethionet.et



VISION AFRICA TRADING

251-115516566



251-911664813



251-115516566



90714



vafrica@ethionet.et



VISTA DIGITAL PLC

zsahele@yahoo.com



www.vistadigitalplc.com



VIVID ADVERTISING

251-118604213



251-911623695



WAFA MARKETING ANDPROMOTION PLC

251-115525031



251-115525140



info@wafapromotion.com



www.wafapromotion.com



WEAVE PROMOTION ANDMARKETING

251-116616301



WEBLINK SOLUTION PLC

251-116186224



weblink@ethionet.et



WHYNOT INTERNATIONAL PROMOTIONA PLC

251-118401171



120484



ynotplc@yahoo.com



bereketwhynot@yahoo.com



WINGS EDUCATION AND MEDIA

251-118965308



251-118965308



17146



wingseducationmedia@gmail.com



www.wingseducationmediaorg



WLP PLC

251-113712577



251-118301181



251-113712576



6034



wlpproduction@yahoo.com



WOYENI PRINTING ANDADVERTISING

251-113712146



YAHA ENTERTIMENT

251-116621809



251-116181529



251-911747304



251-116621788



yaha@ethionet.et",,,,,
,,,,,,
,,,,,,
,,,,,,
,,,,,,
,,,,,,
,,,,,,
,,,,,,
,,,,,,
,,,,,,
,,,,,,
,"YARED PRODUCTIONS

251-115539171



251-911214652



251-115541200



1050



info@yaredproduction.com



YASSIN AREBO KELIL

251-115542393



251-116650181



181000



yassinadv@yahoo.com



YEDON FILMS PRODUCTION

251-911122961



251-930071569



yedonfilmsproduction@gmail.com



YEMESERACH ADVERTIZMENT ANDPROMOTION WORK PLC

251-115530926



yematnash@yahoo.com



YEMI PRINTING AND ADVERTISMENT

251-111220103



YESAKAL ENTETINMENT

251-912600969



251-928959086



YODAHE PRINTING AND FILM WORK

251-911100507



251-912105070



YORDANOS SYUM MEDIA PRINTINGAND ADVERTIZING

251-913986081



ZAFRO INNOVATIONS

251-116686766



251-118546055



251-911602624



zafroinnovations@gmail.com



www.zafroinnovations.com



ZAMI PUBLIC CONNECTIONS PLC

251-115543314



251-115543315



251-115543318



251-911485433



251-911484382



14958



contact@zamiradio.com



www.zamiradio.com



ZEBRA INTERNATIONAL TRADEENTERPRISE

251-114402706



251-911245627



251-114422115



3112



zebra.int@ethionet.et



ZELALEM PRINTING & ADVERTISING

251-911415106



251-911245704



ZELEMAN PRODUCTION

251-116632800



251-116632801



251-116632804



251-911224343



251-116626238



17629



zeleman@ethionet.et



www.zelemanproduction.com",,,,,
,,,,,,
,,,,,,
,,,,,,
,,,,,,
,,,,,,
,,,,,,
,,,,,,
,,,,,,
,"ZEWGE THEATER PROMOTION ANDADVERTISING

251-116553912



251-911219415



251-111249011



80932



tilun22@yahoo.com



ZIDAN ADVERSTISING ANDPRINTING PRESS

251-911618547



251-911605626



ZION ENTERAINMENT ANDPROMOTION

251-116611273



251-116183801



251-116189140



1185



mykeyplc@ethionet.et



mikezions@yahoo.com",,,,,
,,,,,,
,,,,,,
,,,,,,
,,,,,,
,"LogoOpen main menu
Close menu

Home
Companies
About Us
Contact Us
BROADCASTING
Media & Advertising


ADEY TENSAE MEDIA AND ENTERTAINMENT PLC

251-111580808251-111275351251-111554546251-111119848



251-111119995251-111275354



23592code1000



adiambiz@ethionet.etinfo@shegerfm.comshegerfm102.1radio



www.shegerfm.com



DIMTSI WEYANE TIGRAY PLC

251-344409108251-344403413251-344418998251-344419003



251-116292287



450mekelle,Ethiopia



www.dimtsiwoyane.com



EBS TV

251-116292282251-116292285



info@ebstv.tv



www.ebstv.tv



ETHIOPIAN BROADCASTING CORPORATION

251-115521810251-115513509251-115513418251-115150310251-115156647



SMS:800,801802



251-115512686251-115513453



5544/1020



ebcspo@gmail.com



www.ebc.et



ETV2

251-111562769251-111562399



251-111551295



addmedia@ethionate.et



FANA TELEVISION

251-115516777



251-115515039251-115520652



30702



www.fanabc.com



FM 96.3

251-111570521



251-111551295



addmedia@ethionate.et



FM ADDIS 97.1

251-113496272



251-113496263251-113493199



HABESHA WEEKLY PROMOTION PLC

251-116670685251-116670686251-118222237251-118222238



251-911231284251-911231285251-975808076251-975808080CallCenter:8022



info@habeshaweekly.nethabeshaweekly@gmail.com



www.habeshaweekly.netwww.habeshaweekly.com



MULTI CHOICE ETHIOPIA PLC

251-116639900251-116610202



251-116639986



8680



habru@ethionet.et



www.dstv.com



NAHOO TV (TUBA MEDIA PLC)

251-940292929



info@nahoo.tv



nahootv@gmail.com



www.nahoo.tv



OROMIA RADIO AND TV ORGANAZATION

251-221100447251-115541624251-221100310



251-221118839251-115541622251-221100859



tvomarketing2005@gmail.com



www.orto.gov.et



OYAYA MULTIMEDIA PLC

251-115571253251-118699059



251-911603077



251-115571258



3842



leulmm@gmail.combisratradioandtv@gmail.com



www.bisratfm.com



PACONET MEDIA PLC (AFRO FM 105.3)

251-111552200251-111553377251-111553444



251-911754128



251-111556113



6690AddisAbaba



info@afro105fm.com



www.afro105fm.com



WAFA MARKETING AND PROMOTION PLC

251-115525031



251-115525140



info@wafapromotion.com



www.wafapromotion.com



WALTA MEDIA & COMMUNICATION CORPORATE

251-114670484251-114670303251-111263530251-111263517



251-114670302



www.waltainfo.com



ZAMI PUBLIC CONNECTIONS PLC

251-115543314251-115543315251-115543318



251-911485433251-911484382251-911855857



14958



contact@zamiradio.com



marketing@zamiradio.com



www.zamiradio.com


Home
Companies
HOme
About
Contact",,,,,
,,,,,,
,,,,,,
,,,,,,
,,,,,,
,,,,,,
,,,,,,
,,,,,,
,,,,,,
,,,,,,
,,,,,,
,,,,,,
,,,,,,
,,,,,,
,DIGITAL PRINT BILLBOARD,,,,,
,,,,,,
,,,,,,
,"LogoOpen main menu
Close menu

Home
Companies
About Us
Contact Us
DIGITAL PRINT BILLBOARD
Media & Advertising



ABRO PRINTING AND ADVERTISMENT PLC

251911684743251115549496



251911234122251980191320



abroprint@gmail.com




CLASSIC ADVERTISING

251-116632490



251911531400251911907675



classicadvertprint@gmail.com




EBRO MEDIA AND COMMUNICATION

251118211414



251911251306251920717184



info@ebromediaandcommunication.com




ELEGANT DESIGN & PRINT

251913121812251930533442



infooelias@gmail.com



www.elegantprintsolution.com




GRACE LED DIGITAL ADVERT AND ALUMINIUM DISPLAY PLC

251939797979251932232323251940383838




M ADVERTISING

251911240946251955404040



mesfin240946@gmail.comMesfinuae2022@gmail.com




M-SIGNAGES ADVERTISING

251911249811251947921365



msignages@gmail.com



www.msignes.com




MAS ADVERT & PRINTING PRESS

251118523680



251911666205251911694148



hiyyabey@gmail.com



Mas_advert@yahoo.com




MASTER PRINTING PRESS PLC

251116298777251116298800



251116298797




MASTER PRINTING PRESS PLC

251111557788251111570799



251111556776



31362



mbspromotion1@gmail.com



www.masterprintaddis.com




MY GRAPHICS & PRINTING

251911112076251912603894



my_graphics@yahoo.com




RAHBAN IMPORT

251115622415



251926751781251948717171



ragbanimport@gmail.com




SHIMELS PRINTING PRESS

251116354317



251911073735251988204858



shimelsjemal29@gmail.com



ADMASS ADVERTISING PLC

251-115513666251-115155222251-116511825



251-115547373



12324A.A



addisadmass@ethionet.et



www.addisadmass.com



ADMASS ADVERTISING PLC

251-911243300



251-115547373



123324



addisadmass@ethionet.et



ADWEST DIGITAL ADVERTISING P.L.C.

251-115152236



251-911200737



eshetuadwest@gmail.com



AFRO LINK STUDIO

251-116626748



251-116631965



ALOHA PRINTING & ADVERTISING

251-118593070



251-911254830251-911009471



alohaprint3@gmail.com",,,,,
,,,,,,
,,,,,,
,,,,,,
,,,,,,
,,,,,,
,,,,,,
,,,,,,
,,,,,,
,,,,,,
,,,,,,
,,,,,,
,,,,,,
,"AMILION PRINTING AND ADVERTISING

251-114706429



251-911439456251-911344326



251-114671375251-116457412



1149CODE1250



info@amlionads.com



general.manager@amlionads.com



AMU ADVERT & PRINT

251-933186331251-983388151



arc ADVERTISING AND PRINTING PLC

251-919819381251-919385173251-919385175251-919385147



customerservice@arcadverteth.com



www.arcadverteth.com



ASHER INTERNATIONAL PLC

251-115544343251-116525486



251-911208919251-911674739



251-115544095



asher@ethionet.et



www.asherinternational.com



AVAST ADVERTISING

251-118693222



251-911202613



avastethiopia@gmail.com



BEGBO ADVERTISING & PRINTING

251-118673788



251-933903333



begboadvertizing@yahoo.com



www.begbo.com



BELIEVE DIGITAL PRINT & ADVERTISING PLC

251-118965621



251-930078123251-912123915



1188-1250



terefewubneh@rocketmail.com



BEZUWERK PRINTING PRESS

251-118127312



251-978424242251-925507171



www.tewobaze.com



BINARY PRINTING AND COMPUTER SERVICE

251-911658541251-912412525



binaryeth@gmail.comsenwas.5@gmail.com



BLACK PANTHERS ADVERTISING

251-118966062



251-911514572



251-114670573



2709/1000



blackpanthersadvert@gmail.com



BOLE ADVERTISING

251-118685663



251-911235786



boleadvert1@gmail.com



boleadvert1@yahoo.com



www.boleadvert.com



BT DIGITAL BUSINESS BRIDGE PLC

251-118966442



251-911236507251-911214070



bt.digital.business.bridgeplc@gmail.com



www.btbusinessgroup.com



CTM PRINTING PLC

251-911735526251-911101111251-903181881



ber_ctm@yahoo.com



DAF PRINTING PLC

251-118966285



251-930077432



21300/1000



dafprinting@gmail.com",,,,,
,,,,,,
,,,,,,
,,,,,,
,,,,,,
,,,,,,
,,,,,,
,,,,,,
,,,,,,
,,,,,,
,,,,,,
,"DERE ADVERTISING

251-911416761251-935999924251-935999924



DESTA BELAY GENERAL PRINTING WORK

251-118688123



251-911770316251-912737260



Destabelay2013@gmail.com



DIGITAL IMPRESSIONS

251-115152455



251-930014188



print@digital-impressions.bizdesign@digital-impressions.biz



www.digital-impressions.biz



EAZZY MEDIA & ADVERTISING PLC

251-911689555251-947895211



info@eazzyint.com



www.eazzyint.com



ECO PRINT

251-115152064



EFFICIENT GENERAL TRADING PLC IMPORT, EXPORT AND COMMISSION AGENT

251-111565228251-111113654251-111572222



8729



efficient@ethionet.et



E-KASH CONSULTANCY, TRANING AND PROMOTION PLC

251-911811380



mykassios@yahoo.com



EMMER ADVERT

251-911207828251-911130158



ERMIAS ADVERTISING

251-115570404251-115570303



251-911218383251-911249703



ermiase24@gmail.com



www.ermiasadvertising.com



ESAYAS ADVERTISING

251-911524039251-911638907



FAIRTES PRINTING & ADVERTISING

251-111573344251-111573987



251-911229275



251-111116767



fairtes@yahoo.com



FANTAHUN WOLDE ADVERTISING AND PRINTING SERVICE

251-115511039251-116555189



251-911205632251-911104864



251-115509318



fwolde@ethionet.et



GET OF THE LIGHT PLC

251-118500067251-118500068



251-911206956



251-115507860



23239



GOLD STONE INTERNATIONAL

251-116510582251-116510583251-118961820



251-116182642



goldstone_et@163.com



GRAY FOX ADVERTISING AND DIGITAL PRINTING

251-118302366



251-912601212



grayfoxethiopia@gmail.com",,,,,
,,,,,,
,,,,,,
,,,,,,
,,,,,,
,,,,,,
,"HAB BUSINESS PLC

251-911665729251-911234563



7584



habprinting@yahoo.com



HAKE TRADE AND INDUSTRY ENTERPRISE

251-114403218251-221124346(Adama)251-462201908(Hawwassa)251-461105624(Shashemene)



251-911209674251-911216739



251-114423899



21508AddisAbaba



hakesport@yahoo.com



www.hakesport.com



HAMMER FOX BUSINESS ENTERPRISE PLC

251-116186533251-116631275



251-116185286



info@hammerfoc.com



infohammerfox@gmail.com



HARIZON PRINTING AND ADVERTISING

251-115537922



251-115537922



6566



hpp@ethionet.et



HUNTER DIGITAL ADVERTISING PLC

251-112759048



251-912174019251-921461144251-910436389



251-112759049



IMPACT PRINT & GRAPHICS

251-114671605251-111840049



251-911186907251-911206041251-910506603



impactprintgraphics@gmail.com



www.impactprintgadv.com



i-PRINT DIGITAL ADVERTISING PLC

251-115545777



251-911625759251-911523399



251-115545778



101292AddisAbaba



info@iprintadvert.com



www.iprintadvert.com



JHON ADVERTISING & DIGITAL PRINT

251-911429952251-119248080251-914315316



hiwotalem@gmail.com



KAL ADVERTISING

251-910120689251-911582159251-913769821



KALAB ADVERTISING

LOGIC PRINTING PRESS

251-111115437



251-911216502



251-111115481



21807AddisAbaba



getamare@yahoo.com



LOTUS ICT SOLUTION

251-911610172



wondte@yahoo.com



MARK ADVERT

251-115575858251-115575859



251-911225797251-913033759



markadvert29@gmail.com



info@markadvert.com



www.markadvert.com



MBS PROMOTION PLC

251-114661313



251-911559820



MEDI STUDIO

251-116180745



251-911613196



info@medi-studio.com",,,,,
,,,,,,
,,,,,,
,,,,,,
,,,,,,
,,,,,,
,,,,,,
,"MEGA PRINTING PLC

251-115522674251-116450597251-115514679251-115520387



251-115514960



megaprinting@telecom.net.et



MESTAWET GRAPHIC, ADVERTISING AND PRINTING

251-118694700



251-930100901251-911690261



mestigraphic@gmail.com



www.mestwetgraphic.com



MIRAME PLC ADVERTISING AND GRAPHIC DESIGN

251-115504517



251-115505094



mirameplc@ethionet.et



MISIKIR GETANEW MEDIA AND PROMOTION

251-911177774251-912660870



mesikarew@gmail.com



MT COMMUNICATION PLC

251-111571282



251-111571283



mtcommunication@ethionet.et



MYRA GRAPHICS

251-1166115154



251-913644534251-925273505251-984715474251-984715475



251-116611516



17500AddisAbaba



graphicsmyra@gmail.com



myra@nitadplc.com



NEON ADDIS PLC

251-111577230251-111571736



251-911226145



1025AddisAbaba



neonaddis@yahoo.com



neonad@ethionet.et



www.neonaddis.com



PAPARAZZI ADVERTISING

251-912505191251-911662057251-913213238



paparazzyadv@gmail.com



PARADISE PRINTING PRESS

251-114662084



251-911206408251-945253578



paradizeprinters@gmail.com



PRESTER JOHN ENTERTAINMENTS

251-116623199



251-911212765251-911234020



12231AddisAbaba



info@presterjohnfilms.com



www.presterjohnfilms.com



PROTOUCH DIGITAL PRINT &ADVERTISING

251-115156522



251-911106780251-911651817



RIFA DOT INTERNATIONAL TRADING

251-116180698



251-911209089251-911209086



251-116180699



rifyem@yahoo.com



www.rifadot.com



REHOBOT PRINTING PLC

251-114169027251-114663773251-114663801



251-114169026



100832



rehobot_p@yahoo.com



SPOT’S IMPRESSION ADVERTISING

251-116184061



251-911681357



STORM IMAGING PRINTING AND ADVERTISING

251-111153012



251-911153012251-911685468



Stormingigpa@yahoo.com",,,,,
,,,,,,
,,,,,,
,,,,,,
,,,,,,
,,,,,,
,,,,,,
,,,,,,
,,,,,,
,,,,,,
,,,,,,
,,,,,,
,,,,,,
,"SUNLIGHT DIGITAL ADVERTISINGAND PRINTING

251-911138989251-967898989251-923466666



sunlightjovi@gmail.com



SURAFEL PRINTING PRESS

251-118694395251-114194883



251-911223874251-930099511



surafel.pp12@yahoo.com



surnat@gmail.com



TWOTS PRINTING

251-114671260



251-911526548



251-114671227



88CODE1110



www.2tsprinting.com



V-NOBLENET PRINTING AND ADVERTIZING

251-118334090



251-911245944251-911245948



vnoblenet2020@gmail.com



zsahele@yahoo.com



www.vistadigitalplc.com



VISTA DIGITAL PLC

251-118604213



251-911664813



VIVID ADVERTISING

251-911623695",,,,,
,,,,,,
,,,,,,
,,,,,,
,,,,,,
,,,,,,
,,,,,,
,,,,,,
,,,,,,
,,,,,,
,GRAPHICS DESIGN,,,,,
,,,,,,
,,,,,,
,"LogoOpen main menu
Close menu

Home
Companies
About Us
Contact Us
GRAPHICS DESIGN
Media & Advertising



ABRO PRINTING ANDADVERTISMENT PLC

251911684743



251115549496



251911234122



251980191320



abroprint@gmail.com




CACTUS PLC

251115544901



info@cactusethiopia.com



www.cactusethiopia.com




CLASSIC ADVERTISING

251911531400



251911907675



classicadvertprint@gmail.com




EBRO MEDIA AND COMMUNICATION

251118211414



251911251306



251920717184



ebromediaandcommunication.com



info@ebromediaandcommunication.com




ELEGANT DESIGN & PRINT

251913121812



251930533442



infooelias@gmail.com



www.elegantprintsolution.com




M-SIGNAGES ADVERTISING

251911249811



251947921365



msignages@gmail.com



www.msignes.com




MAS ADVERT & PRINTING PRESS

251118523680



251911666205



251911694148



hiyyabey@gmail.com



Mas_advert@yahoo.com




MASTER PRINTING PRESS PLC

251116298777



251116298800



251116298797




MASTER PRINTING PRESS PLC

251111557788



251111570799



251111556776



31362



www.masterprintaddis.com




MY GRAPHICS & PRINTING

251911112076



251912603894



my_graphics@yahoo.com




OPANTHER MEDIA PRODUCTIONAND DESIGN

251913389768



info@opanthermedia.com



www.opantermedia.com



AA GRAPHICS ADVERTIZING

251-116635574



aagaraphics20@hotmail.com



AAS INTERNATIONAL

251-116623451251-116249449251-116623939



251-116624949



2474



aasi@ethionet.etaasi@aasiethiopia.com



www.aasiethiopia.com



ABREHAM GIZAW ENTERTAINMENT

251-912374014251-911248556



17117



abrehamgizaw@gmail.com



ABYSSINA ADVERTISING ANDARTWORK PLC

251-115530310



ABYSSINA PROMOTION

251-256668534



ACTIVATE TRADING PLC

251-966997979



251-923981148



info@activatetradingplc.com



www.activatetradingplc.com



ADDIS AFFAIRS

251-115508051



info@addisaffairs.com



ADDIS BERHAN TRADING ANDADVERTISING

251-114666272



251-911221901



251-114161061



9622



addisbta_06@yahoo.com



ADMASS ADVERTISING PLC

251-115513666



251-115155222



251-115153660





251-911243300



251-115513347



12324



addisadmass@ethionet.et



ADWEST DIGITAL ADVERTISING P.L.C.

251-115152236



251-911200737



eshetuadwest@gmail.com",,,,,
,,,,,,
,,,,,,
,,,,,,
,,,,,,
,,,,,,
,,,,,,
,,,,,,
,,,,,,
,,,,,,
,"AFO ADVERTISING

251-111554940



AFRI BASE PLC

251-115507929



251-115530488



afribase@ethionet.et



AFRO DAN PLC

251-911210286



251-114668316



AFRO LINK STUDIO

251-116626748



251-116631965



AFRO MARKET BRIDGE ENTERPRISE

251-115511155



251-111553957



AFROWES GRAPHIC DESIGN

251-911663378



251-923284278





afrowes@gmail.com



ALOHA PRINTING & ADVERTISING

251-118593070



251-911254830





alohaprint3@gmail.com



AMILION PRINTING ANDADVERTISING

251-114706429



251-911439456



251-911344326



251-114671375



251-116457412



1149CODE1250



info@amlionads.com



general.manager@amlionads.com



AMU ADVERT & PRINT arc ADVERTISING AND PRINTING PLC

251-933186331



251-983388151



251-919819381



251-919385173



251-919385175



251-919385147



customerservice@arcadverteth.com



www.arcadverteth.com



ASHER INTERNATIONAL PLC

251-115544343



Mob:251-911208919



251-115544095



asher@ethionet.et



www.asherinternational.com



ATSEDE G/MESKEL SEYOUM

251-114671057



251-114670303



251-911442841



251-114670302



12918



atsedeg15@waltainfo.com



wlc@waltaento.com



www.waltat.com



AVAST ADVERTISING

251-118693222



251-911202613



avastethiopia@gmail.com



AWASH PRINTING PRESS PLC

251-115545270



251-115545271



251-115545273



251-911231721



251-115545272



awashprintingpress@gmail.com",,,,,
,,,,,,
,,,,,,
,,,,,,
,,,,,,
,,,,,,
,,,,,,
,,,,,,
,,,,,,
,,,,,,
,,,,,,
,,,,,,
,,,,,,
,"BEGBO ADVERTISING & PRINTING

251-118673788



251-933903333



251-115516278



begboadvertizing@yahoo.com



www.begbo.com



BEN TECH PLC

251-115524273



info@berryethiopia.com



www.berryethiopia.com



BERRY ADVERTISING

BEZUWERK PRINTING PRESS

251-118127312



251-978424242



251-925507171



www.tewobaze.com



BINARY PRINTING AND COMPUTER SERVICE

251-911658541



251-912412525



binaryeth@gmail.com



senwas.5@gmail.com



BLACK ANGELS FILM PRODUCTION

251-116558452



251-911442531



fazikaz@yahoo.com



BOB ADVERTISING PLC

251-911304361



251-911723130



251-921347585



7757



bobadvert@gmail.com



BOLE ADVERTISING

251-118685663



251-911235786



boleadvert1@gmail.com



boleadvert1@yahoo.com



www.boleadvert.com



BOLE PRINTING ENTERPRISE

251-115512466



251-115528870



251-115518696



2365



bpe@ethionet.et



www.boleprinting.com



BT DIGITAL BUSINESS BRIDGE PLC

251-118966442



251-911236507



251-911214070



bt.digital.business.bridge.plc@gmail.com



www.btbusinessgroup.com



BUILDING AND DESIGN GRAPHIC

251-116638776



CTM PRINTING PLC

251-116632490



251-911735526



251-903181881



ber_ctm@yahoo.com



DAN DIGITAL COMPUTER GRAPHICS

251-114400520



dan-graphic@yahoo.com



DERE ADVERTISING

251-911416761



251-935999924



DARE INTERNATIONAL

251-111571457



251-111571458



darint@ethionet.et",,,,,
,,,,,,
,,,,,,
,,,,,,
,,,,,,
,,,,,,
,,,,,,
,,,,,,
,,,,,,
,"DREAM PRINTING SERVICE PLC

251-118932044



251-911447473



251-929103417



251-911416761



dreamprintingplc@gmail.com



DESIGNLAB

251-116622155



251-116631965



info@designlabeth.com



www.designlabeth.com



DESTA BELAY GENERAL PRINTING WORK

251-118688123



251-911770316



251-912737260



Destabelay2013@gmail.com



DIGITAL IMPRESSIONS

Tel:251-115152455



251-930014188



print@digital-impressions.biz



design@digital-impressions.biz



www.digital-impressions.biz



EAZZY MEDIA & ADVERTISING PLC

251-911689555



251-947895211



info@eazzyint.com



www.eazzyint.com



EFFICIENT GENERAL TRADING PLCIMPORT,EXPORT AND COMMISSION AGENT

251-111565228



251-111113654



251-111572222



8729



efficient@ethionet.et



E-KASH CONSULTANCY, TRANING AND PROMOTION PLC

251-911811380



mykassios@yahoo.com



EMMER ADVERT

251-911207828



251-911130158



ERMIAS ADVERTISING

251-115570404



251-115570303



251-911218383



251-911249703



ermiase24@gmail.com



www.ermiasadvertising.com



EXTREME PRINTING PRESS PLC

251-114652772



251-114664216



251-114664217



11663AddisAbaba



extremeprinting@ethionet.et",,,,,
,,,,,,
,,,,,,
,,,,,,
,,,,,,
,,,,,,
,,,,,,
,,,,,,
,,,,,,
,"EZAMM IT SOLUTION PLC

251-911085413



110771AddisAbaba



info@ezamm.com



www.ezamm.com



FAIRTES PRINTING & ADVERTISING

251-111573344



251-111573987



251-911229275



251-111116767



fairtes@yahoo.com



FANTAHUN WOLDE ADVERTISING AND PRINTING SERVICE

251-115511039



251-911205632



251-115509318



fwolde@ethionet.et



FLORA ART AND DISIGN

251-911042517



GIRAFFE GRAPHIC AND PRINTING

251-221124607



251-224422047



GRAPHIC ARTS SUPPLIES AND TECHICAL SERVICES

251-114661453/52



251-911207214



251-114654377



3863



gasts@ethionet.et



GRAY FOX ADVERTISING AND DIGITAL PRINTING

251-118302366



251-912601212



grayfoxethiopia@gmail.com



HAB BUSINESS PLC

251-911665729



251-911234563



7584



habprinting@yahoo.com



HAMMER FOX BUSINESS ENTERPRISE PLC

251-116186533



251-116631275



251-116185286



info@hammerfoc.com



infohammerfox@gmail.com



HERO GRAPHICS PRINTING

251-911765819



251-921945252



HUNTER DIGITAL ADVERTISING PLC

251-112759048



251-912174019



251-921461144



251-910436389



251-112759049



IB INTERNATIONAL BUSINESS

251-115511515



251-911202288



251-115516624



super@ethionet.et",,,,,
,,,,,,
,,,,,,
,,,,,,
,,,,,,
,,,,,,
,,,,,,
,,,,,,
,,,,,,
,"IMAGE ADVERTISMENT

251-115535306



251-115535306



yohi8@hotmail.com



IMPACT PRINT & GRAPHICS

251-114671605



251-111840049



251-911186907



251-911206041



251-910506603



impactprintgraphics@gmail.com



www.impactprintgadv.com



i-PRINT DIGITAL ADVERTISING PLC

251-115545777



251-911625759



251-911523399



251-115545778



101292AddisAbaba



nfo@iprintadvert.com



www.iprintadvert.com



JOBIRAW FILM PRODUCTION ANDADVERTISING

251-118302312



4438AddisAbaba



jobirawproduction@gmail.com



www.jobirawproduction.com



KAL ADVERTISING

251-119248080



251-914315316



hiwotalem@gmail.com



KALAB ADVERTISING

251-910120689



251-911582159



251-913769821



KAM GLOBAL PICTURES

251-911403443



251-911217814



7439AddisAbaba



kirubelmengesha@yahoo.com



www.kampicture.com



LITHO PRINTER PLC

251-115156721



251-115151509



251-115506064



251-115506065



21625AddisAbaba



14048AddisAbaba



lithoprinter@ethionet.et



LOGIC PRINTING PRESS

251-111115437



251-911216502



251-111115481



21807AddisAbaba



getamare@yahoo.com



MBS PROMOTION PLC

251-114661313



251-911559820



mbspromotion1@gmail.com



MEDI STUDIO

251-116180745



251-911613196



info@medi-studio.com",,,,,
,,,,,,
,,,,,,
,,,,,,
,,,,,,
,,,,,,
,,,,,,
,,,,,,
,,,,,,
,"MEGA PRINTING PLC

251-115522674



251-116450597



251-115514679



251-115520387



251-115514960



megaprinting@telecom.net.et



MESTAWET GRAPHIC, ADVERTISINGAND PRINTING

251-118694700



251-930100901



251-911690261



2115AddisAbaba



mestigraphic@gmail.com



www.mestwetgraphic.com



MIRAME PLC ADVERTISING ANDGRAPHIC DESIGN

251-115504517



251-115505094



355



mirameplc@ethionet.et



Media & Advertising MODERN CENTRE FOR BUSINESS SERVICES

251-116633860



251-116633863



mebseth@ethionet.et



MYRA GRAPHICS

251-116611515



251-913644534



251-925273505



251-984715474



251-984715475



251-116611516



17500



graphicsmyra@gmail.com



myra@nitadplc.com



NAHOM BETHLHEM PRINTING ANDADVERTISING

251-114661728



251-911610804



59040



NEON ADDIS PLC

251-111577230



251-111571736



251-911226145



1025



neonaddis@yahoo.com



neonad@ethionet.et



www.neonaddis.com",,,,,
,,,,,,
,,,,,,
,,,,,,
,,,,,,
,,,,,,
,,,,,,
,,,,,,
,"NET STUDIO

251-115516044



251-115529606



yayein@msa.com



NOHE MARKETING ANDPROMOTION SERVICE

251-118514735/36



251-911300151



333



noahjoesh@yahoo.com



P.R.C ANIMATION INSTITUTE

251-118503298



251-911514005



251-911449305



251-116627884



prs3danimationstudio@yahoo.com



www.prsanimation.com



PAPARAZZI ADVERTISING

251-912505191



251-911662057



251-913213238



paparazzyadv@gmail.com



PARADISE PRINTING PRESS

251-114662084



251-911206408



251-945253578



paradizeprinters@gmail.com



PERFECT PRINTING PRESS

251-116513939



251-116181395



251-116188322



15294AddisAbaba



anbesawz@yahoo.com



PRESTER JOHN ENTERTAINMENTS

251-116623199



251-911212765



251-911234020



12231Addisababa,



info@presterjohnfilms.com



www.presterjohnfilms.com



RAMA SOLUTION

251-118294441



251-911500070



251-911257263



info@shegerweddings.com



www.shegerweddings.com



RIFA DOT INTERNATIONAL TRADING

251-116180698



251-911209089



251-911209086



251-116180699



rifyem@yahoo.com



www.rifadot.com",,,,,
,,,,,,
,,,,,,
,,,,,,
,,,,,,
,,,,,,
,,,,,,
,,,,,,
,"REHOBOT PRINTING PLC

251-114169027



251-114663773



251-114663801



251-114169026



100832



rehobot_p@yahoo.com



ROOTS AFRICA DIGITAL DESIGN

251-115541344



251-115151941



roots@ethionet.et



SAMSON ADVERTISING

251-910693892



251-948101010



samsonadv@gmail.com



SEMS STUDIO PLC

251-115508751



251-115508777





251-115508753



31362



semsstudio@ethionet.et



STORM IMAGING PRINTING ANDADVERTISING

251-111153012



251-911153012



251-911685468



Stormingigpa@yahoo.com



SUNLIGHT DIGITAL ADVERTISINGAND PRINTING

251-911138989



251-967898989



251-923466666



sunlightjovi@gmail.com



SURAFEL PRINTING PRESS

251-118694395



251-114194883



251-911223874



251-930099511



surafel.pp12@yahoo.com



surnat@gmail.com



TEWODROSE G/SELASSIEMERESA PRINTING

251-911618619



251-911224547



tewodrosegebre25@yahoo.com



TWOTS PRINTING

251-114671260



251-911526548



251-114671227



88CODE1110



www.2tsprinting.com



ULTRA ADVERTISING

251-911529133



251-920564747





ultrasolomon@yahoo.com



V-NOBLENET PRINTING ANDADVERTIZING

251-118334090



251-911245944



251-911245948



vnoblenet2020@gmail.com",,,,,
,,,,,,
,,,,,,
,,,,,,
,,,,,,
,,,,,,
,,,,,,
,,,,,,
,,,,,,
,,,,,,
,"VISTA DIGITAL PLC

251-911664813



zsahele@yahoo.com



www.vistadigitalplc.com



VIVID ADVERTISING

251-118604213



251-911623695



WE TECH GPS & INFORMATIONTECHNOLOGY SOLUTION PLC

251-181222222



251-922514883



251-913089890



wetech.itsolution@gmail.com



WEB SOFT BUSINESS PLC

251-115544790



websoft@ethionet.et",,,,,
,,,,,,
,,,,,,
,,,,,,
,,,,,,
,,,,,,
,,,,,,
,,,,,,
,,,,,,
,PROMOTIONAL ITEMS,,,,,
,,,,,,
,,,,,,
,"LogoOpen main menu
Close menu

Home
Companies
About Us
Contact Us
PROMOTIONAL ITEMS
Media & Advertising



ABRO PRINTING ANDADVERTISMENT PLC

251911684743



251115549496



251911234122



251980191320



abroprint@gmail.com




CLASSIC ADVERTISING

251911531400



251911907675



classicadvertprint@gmail.com




EBRO MEDIA AND COMMUNICATION

251118211414



251911251306



251920717184



ebromediaandcommunication.com



info@ebromediaandcommunication.com




INFINITY DESIGN PLC

251911478043



251913673424



infinitydesignplc@gmail.com



Milliaech85@gmail.com




M ADVERTISING

251911240946



251955404040



mesfin240946@gmail.com



Mesfinuae2022@gmail.com




M-SIGNAGES ADVERTISING

251911249811



251947921365



msignages@gmail.com



www.msignes.com




RAHBAN IMPORT

251115622415



251926751781



251948717171



ragbanimport@gmail.com



AAS INTERNATIONAL

251-116623451



251-116249449



251-116623939



251-116624949



2474



aasi@ethionet.et



aasi@aasiethiopia.com



www.aasiethiopia.com



ALOHA PRINTING & ADVERTISING

251-118593070



251-911254830



251-911009471



alohaprint3@gmail.com



ALPHA TIBEB ADVERTISING

251-911526830



251-930533824



251-911216573



alphatibeb@gmail.com



www.alpha-tibeb.com



arc ADVERTISING AND PRINTING PLC

251-919819381



251-919385173



251-919385175



251-919385147



customerservice@arcadverteth.com



www.arcadverteth.com



ASHER INTERNATIONAL PLC

251-115544343



251-116525486



251-911208919



251-911674739



251-115544095



asher@ethionet.et



www.asherinternational.com



AVAST ADVERTISING

251-118693222



251-911202613



avastethiopia@gmail.com



BEGBO ADVERTISING & PRINTING

251-118673788



251-933903333



begboadvertizing@yahoo.com



www.begbo.com



BEZUWERK PRINTING PRESS

251-118127312



251-978424242



251-925507171



www.tewobaze.com



BLACK PANTHERS ADVERTISING

251-118966062



251-911514572



251-114670573



2709/1000



blackpanthersadvert@gmail.com



BOLE ADVERTISING

251-118685663



251-911235786



boleadvert1@gmail.com



boleadvert1@yahoo.com



www.boleadvert.com



BT DIGITAL BUSINESS BRIDGE PLC

251-118966442



251-911236507



251-911214070



bt.digital.business.bridge.plc@gmail.com



www.btbusinessgroup.com



CENTURY PROMOTION

251-118501414



251-911205826



251-911974040



251-911974040



251-111752010



info@centurypromotion.com



century@ethionet.et



www.centurypromotion.com



CTM PRINTING PLC

251-116632490



251-911735526



251-911101111



251-903181881



ber_ctm@yahoo.com



DERE ADVERTISING

251-911416761



251-935999924



DESTA BELAY GENERAL PRINTINGWORK

251-118688123



251-911770316



251-912737260



Destabelay2013@gmail.com",,,,,
,,,,,,
,,,,,,
,,,,,,
,,,,,,
,,,,,,
,,,,,,
,,,,,,
,,,,,,
,,,,,,
,,,,,,
,,,,,,
,,,,,,
,,,,,,
,"EFFICIENT GENERAL TRADING PLCIMPORT, EXPORT AND COMMISSIONAGENT

251-111565228



251-111113654



251-111572222



8729



efficient@ethionet.et



EMMER ADVERT

251-911207828



251-911130158



ERKAB PLC

251-114404128



251-112769494



251-112755210



erkabplc@ethionet.et



ERMIAS ADVERTISING

251-115570404



251-115570303



251-911218383



251-911249703



ermiase24@gmail.com



www.ermiasadvertising.com



FANTAHUN WOLDE ADVERTISINGAND PRINTING SERVICE

251-115511039



251-116555189



251-911205632



251-115509318



fwolde@ethionet.et



GOLDSTONE INTERNATIONALTRADING

251-116510582



251-116182642



goldstone_et@163.com



GRAY FOX ADVERTISING ANDDIGITAL PRINTING

251-118302366



251-912601212



grayfoxethiopia@gmail.com



HAKE TRADE AND INDUSTRYENTERPRISE

251-114403218



251-221124346(Adama)251-462201908(Hawwassa)251-461105624(Shashemene)



251-911209674



251-911216739



251-911126100



251-114423899



21508AddisAbaba



hakesport@yahoo.com



www.hakesport.com



HAMMER FOX BUSINESSENTERPRISE PLC

251-116186533



251-116631275



251-116185286



info@hammerfoc.com



infohammerfox@gmail.com



HORIZONS BUSINESSCOMMUNICATIONS

251-115544755



251-911219087



251-115544776



info@ethiohorizon.com



www.ethiohorizon.com",,,,,
,,,,,,
,,,,,,
,,,,,,
,,,,,,
,,,,,,
,,,,,,
,,,,,,
,,,,,,
,,,,,,
,,,,,,
,,,,,,
,"HUNTER DIGITAL ADVERTISING PLC

251-112759048



251-912174019



251-921461144



251-112759049



IMPACT PRINT & GRAPHICS

251-114671605



251-111840049



251-911186907



251-911206041



251-910506603



impactprintgraphics@gmail.com



www.impactprintgadv.com



i-PRINT DIGITAL ADVERTISING PLC

251-115545777



251-911625759



251-911523399



251-115545778



101292AddisAbaba



info@iprintadvert.com



www.iprintadvert.com



JOBIRAW FILM PRODUCTION ANDADVERTISING

251-118302312



4438AddisAbaba



jobirawproduction@gmail.com



www.jobirawproduction.com



KALAB ADVERTISING

251-910120689



251-911582159



251-913769821



LAZIM ADVERTISING

251-114671966



251-114671967



lazim@ethionet.et



MARK ADVERT

251-115575858



251-115575859



251-911225797



251-913033759



markadvert29@gmail.com



info@markadvert.com



www.markadvert.com



MEDI STUDIO

251-116180745



251-911613196



info@medi-studio.com



MENKEMM INTERNATIONALBUSINESS PLC

251-111260930



251-111261859



251-930100568



menkemint12@gmail.com



www.menkemint.com



MONO 2000 ADVERTISINGSERVICES PLC

251-116633060



251-116636314



251-116636315



251-911212091



251-116633061



1701code1110



monoplc@yahoo.com



c.monoplc@gmail.com



MYRA GRAPHICS

251-116611515



251-913644534



251-925273505



251-984715474



251-984715475



251-116611516



17500



graphicsmyra@gmail.com



myra@nitadplc.com",,,,,
,,,,,,
,,,,,,
,,,,,,
,,,,,,
,,,,,,
,,,,,,
,,,,,,
,,,,,,
,,,,,,
,,,,,,
,"NEON ADDIS PLC

251-111577230



251-111571736



251-911226145



1025AddisAbaba



neonaddis@yahoo.com



neonad@ethionet.et



www.neonaddis.com



PROTOUCH DIGITAL PRINT ANDADVERTISING

251-115156522



251-911106780



251-911651817



REHOBOT PRINTING PLC

251-114169027



251-114663773



251-114663801



251-114169026



100832



rehobot_p@yahoo.com



SURAFEL PRINTING PRESS

251-118694395



251-114194883



251-911223874



251-930099511



surafel.pp12@yahoo.com



surnat@gmail.com



TIMBER PRODUCTION PLC

251-911669361



251-911232299



sahapro1@yahoo.com



timberproduction@gmail.com



TWOTS PRINTING

251-114671260



251-911526548



251-114671227



88CODE1110



www.2tsprinting.com



VISTA DIGITAL PLC

251-911664813



zsahele@yahoo.com



www.vistadigitalplc.com



ZIDAN ADVERSTISING AND PRINTING PRESS

251-911618547



251-911605626



ZION ENTERAINMENT AND PROMOTION

251-116611273



251-116183801



251-911219415



251-116189140



1185



mykeyplc@ethionet.et",,,,,
,,,,,,
,,,,,,
,,,,,,
,,,,,,
,,,,,,
,,,,,,
,,,,,,
,,,,,,
,,,,,,
,,,,,,
,,,,,,
,,,,,,
,PUBLISHER,,,,,
,,,,,,
,"LogoOpen main menu
Close menu

Home
Companies
About Us
Contact Us
PUBLISHER
Media & Advertising



MAS ADVERT & PRINTING PRESS

251118523680



251911666205



251911694148



hiyyabey@gmail.com



Mas_advert@yahoo.com




MASTER PRINTING PRESS PLC

251116298777



251116298800



251116298797




MASTER PRINTING PRESS PLC

251111557788



251111570799



251111556776



31362



www.masterprintaddis.com




SHIMELS PRINTING PRESS

251116354317



251911073735



251988204858



shimelsjemal29@gmail.com



ABC PRINTING PRESS

251-115150215



251-114665450



abcprinters@ethionet.et



ADDIS PRINTING AND CONVERTING PLC

251-116610803



251-116517864



ADDIS TIRAT PLC

251-111560793



251-111569647



fekadeab@yahoo.com



ADMASS ADVERTISING PLC

251-115513666



251-116511825



251-115547373



251-115513347



12324



addisadmass@ethionet.et



www.addisadmass.com



ADYAME YORDANOS PRINTING PRESS

251-112787387



251-112787251



251-911230728



251-112787387



50648



adiameyorda@yahoo.com



AFMECOM TRADING PLC

251-118500685



251-911470210



251-920740874



21162code1000



info@ssinformer.com



pressrelease@ssinformer.com



www.ssinformer.com



AFRICA PRINTING PLC

251-116461216



251-116456658



251-116459603



251-911250502



251-911203468



251-116463331



251-116459418



dagnesentayehu@yahoo.com



info@africaprinting.com



www.africaprinting.com



AGILENT GROUP PLC

251-115526667



251-115158409



251-911638870



251-116631727



1984/1110



demilewtaal@yahoo.com



yirgatrade96@yahoo.com



ALKALE PRINTERS

251-112791736



251-112791072



ALOHA PRINTING & ADVERTISING

251-118593070



251-911009471



alohaprint3@gmail.com



ALPHA PRINTERS PLC

251-115153815



251-115152349



251-115545852



251-911505656



251-115512370



251-115511976



alphaprinters12@gmail.com



ALPHA TIBEB ADVERTISING

251-911526830



251-930533824



251-911216573



alphatibeb@gmail.com



www.alpha-tibeb.com



AMMANUEL PRINTING PRESS

251-114668426



251-115506358



ama.pr.p@ethionet.et



ANDNET TRADING AND PRINTERS PLC

251-114422464



251-937890620



251-114402104



27972



andnet@gmail.com



andnet@ethionet.et.com



www.andnetprinters.com",,,,,
,,,,,,
,,,,,,
,,,,,,
,,,,,,
,,,,,,
,,,,,,
,,,,,,
,,,,,,
,,,,,,
,,,,,,
,,,,,,
,,,,,,
,,,,,,
,,,,,,
,,,,,,
,"arc ADVERTISING AND PRINTING PLC

251-919819381



251-919385173



251-919385147





customerservice@arcadverteth.com



www.arcadverteth.com



ARTSMITH PRINTING PRESS

251-115531300



251-111555280



ASTER NEGA GENERAL BUSINESS PLC

251-118124812



251-911206342



21073



zenebeaster@yahoo.com



AWASH PRINTING PRESS PLC

251-115545270



251-115545271



251-115545273



251-911231721



251-115545272



7949AddisAbaba



awashprintingpress@gmail.com



AWRAMBA ITEMS

251-911629282





awrambatimes@gmail.com



AXUM PRINTING PRESS

251-112782780



251-112782781



251-911413032



251-112750168



17094



BANAWEE PRINTING PRESS PLC

251-114166190



251-114655479



251-114655479



2447



banawee@ethionet.et



BEGBO ADVERTISING & PRINTING

251-118673788



251-933903333



begboadvertizing@yahoo.com



www.begbo.com



BERHANENA SELAM PRINTING ENTERPRISE

251-111553233



251-111560216



251-111578152



251-111556329



251-111553939



758AddisAbaba



bspe@ethbspe.com



info@ethbspe.com



beshiprinters@gmail.com



www.ethbspe.com



BEZUWERK PRINTING PRESS

251-118127312



251-978424242



251-925507171



www.tewobaze.com



BIN TECH PLC

251-115524273



251-115516278



hitech@ethionet.et



BOLE ADVERTISING

251-118685663



251-911235786



boleadvert1@gmail.com



boleadvert1@yahoo.com



www.boleadvert.com",,,,,
,,,,,,
,,,,,,
,,,,,,
,,,,,,
,,,,,,
,,,,,,
,,,,,,
,,,,,,
,,,,,,
,,,,,,
,,,,,,
,,,,,,
,,,,,,
,,,,,,
,"BOLE PRINTING ENTERPRISE

251-115512466



251-115528870



251-115518696



2365



bpe@ethionet.et



www.boleprinting.com



BT DIGITAL BUSINESS BRIDGE PLC

251-118966442



251-911236507



251-911214070



bt.digital.business.bridge.plc@gmail.com



www.btbusinessgroup.com



CANAAN PRINTING PRESS

251-114661181



251-114162308



CENTRAL PRINTING PRESS PLC

251-114665781



251-114665782



251-911207038



251-911207124



251-114654131



251-114665783



114



info@centralpp.com



www.centralpp.com



COMMERCIAL PRINTING ENTERPRISE

251-111560091



251-111564658



251-911236839



251-111264417



commercialprintingenterprise@gmail.com



CTM PRINTING PLC

251-116632490



251-911735526



251-911101111



251-903181881



ber_ctm@yahoo.com



yafet1@ethionet.et



DATA BUSINESS AND PRINTING CENTER

251-112782138



251-112755044



DERE ADVERTISING

251-911416761



251-935999924



DESTA BELAY GENERAL PRINTING WORK

251-118688123



251-911770316



251-912737260





Destabelay2013@gmail.com



DREAM PRINTING SERVICE PLC

251-118932044



251-911447473



251-929103417



251-911416761



dreamprintingplc@gmail.com



E.D.M. PRINTING ENTERPRISE

251-115522016



251-115541115



251-115533409



251-115522016



edm@ethionet.et",,,,,
,,,,,,
,,,,,,
,,,,,,
,,,,,,
,,,,,,
,,,,,,
,,,,,,
,,,,,,
,,,,,,
,,,,,,
,,,,,,
,"ECHO AFRICA MAGAZINE PLC

251-118962274



24997/1000



echoafricamag@gmail.com



EFFICIENT GENERAL TRADING PLCIMPORT, EXPORT AND COMMISSION AGENT

251-111565228



251-111113654



251-111572222



8729



efficient@ethionet.et



EFTIN NEWSPAPER

251-111571715



251-111551233



iftin@ethionet.et



EMMER ADVERT

251-911207828



251-911130158



ESSAYAS GASHAW TADESSE

251-111638907



251-911638907



5080



ETH-CANA PRINTING ENTERPRISE PLC

251-114667021



251-116466722



251-911227215



251-114667022



121648



ethcanaprinters@ethionet.et



ETHIOPIAN PRESS AGENCY

251-111569865



251-111572528



251-111572528



251-111569862



EXTREME PRINTING PRESS PLC

251-114652772



251-114664216



251-114664217



11663AddisAbaba



extremeprinting@ethionet.et



F.A MEDIA AND PROMOTION CENTER PLC

251-116183637



businesstimes93@gmail.com



FAIRTES PRINTING & ADVERTISING

251-111573344



251-111573987



251-911229275



251-111116767



fairtes@yahoo.com



FANTAHUN WOLDE ADVERTISINGAND PRINTING SERVICE

251-115511039



251-911205632



251-911104864



251-115509318



fwolde@ethiopia.et



FERID PLC

251-116558783



24829/1000



feridplc@yahoo.com",,,,,
,,,,,,
,,,,,,
,,,,,,
,,,,,,
,,,,,,
,,,,,,
,,,,,,
,,,,,,
,,,,,,
,"GRAPHIC PRINTERS

251-111551999



251-111550531



graphic@ethionet.et



GULJEMA PRINTING PRESS

251-113720256



251-911210445



251-113720257



50024



H.K PUBLISHER PLC

251-118601464



hkpublisher@yahoo.com



HAGERE MEDIA COMMUNICATIONPLC

251-116533560



251-118592215



251-115576226



hageremedia@yahoo.com



HORIZONS BUSINESSCOMMUNICATIONS

251-115544755



251-911219087



251-115544776



24643code1000



info@ethiohorizon.com



www.ethiohorizon.com



HUNTER DIGITAL ADVERTISING PLC

251-112759048



251-912174019



251-921461144



251-910436389



251-112759049



INDEPENDENT NEWS AND MEDIAPLC (FORTUNE)

251-114163020



251-114163039



259code1110



www.addisfortune.com



i-PRINT DIGITAL ADVERTISING PLC

251-115545777



251-911625759



251-911523399



251-115545778



101292AddisAbaba



info@iprintadvert.com



www.iprintadvert.com



KALAB ADVERTISING

251-910120689



251-911582159



251-913769821



KALKIDANE NEWS PAPER ANDMEGAZINE

251-115507815



elias-kalu@yahoo.com



LESAN PRINTING PRESS

251-111562774



251-111562775



251-111112063



251-911407653



251-111551843



22159



LIFE PUBLISHER PLC

251-911467966



251-913383686



180735



sheger2@yahoo.com",,,,,
,,,,,,
,,,,,,
,,,,,,
,,,,,,
,,,,,,
,,,,,,
,,,,,,
,,,,,,
,,,,,,
,,,,,,
,"LITHO PRINTER PLC

251-115156721



251-115151509



251-115506064



251-115506065



21625AddisAbaba



14048AddisAbaba



lithoprinter@ethionet.et



LOGIC PRINTING PRESS

251-111115437



251-911216502



251-111115481



21807AddisAbaba



getamare@yahoo.com



MEDI STUDIO

251-116180745



251-911613196



info@medi-studio.com



MEGA DISTRIBUTION ENTERPRISE

251-111232904



251-111234205



mde@ethionet.et



MEGA PRINTING PLC

251-115522674



251-116450597



251-115514679



251-115520387



251-115514960



megaprinting@telecom.net.et



MELABIN PROMOTION PLC(MESENAZERIA)

251-118500583



251-911937197



251-913458633



16328AddisAbaba



wossenmeshubel@yahoo.com



MEMNON T-SHIRTS

251-118601714



251-911153778



251-911741512



memnon.ethiopia@yahoo.com



MESTAWET GRAPHIC, ADVERTISINGAND PRINTING

251-118694700



251-930100901



251-911690261



2115AddisAbaba



mestigraphic@gmail.com



www.mestwetgraphic.com



MISIKIR GETANEW MEDIA ANDPROMOTION

251-911177774



251-912660870



mesikarew@gmail.com



NAHOM BETHLHEM PRINTING ANDADVERTISING

251-114661728



251-911610804



NEJASHI PRINRING HOUSE PLC

251-111577390



251-111577357



251-111577390



50514



negashipress@gmail.com



www.nejashi.com



NEO PRINTING PRESS

251-115157488



251-112779773



2550



neoprinters@yahoo.com



PAPARAZZI ADVERTISING

251-912505191



251-911662057



251-913213238



paparazzyadv@gmail.com",,,,,
,,,,,,
,,,,,,
,,,,,,
,,,,,,
,,,,,,
,,,,,,
,,,,,,
,,,,,,
,,,,,,
,"PARADISE PRINTING PRESS

251-114662084



251-911206408



251-945253578



paradizeprinters@gmail.com



PERFECT PRINTING PRESS

251-116513939



251-116181395



251-116188322



15294



anbesawz@yahoo.com



RIFA DOT INTERNATIONAL TRADING

251-116180698



251-911209089



251-911209086



251-116180699



rifyem@yahoo.com



www.rifadot.com



ROYAL PRINTERS

251-115544204



251-115544205



251-911405581



251-115544205



59429



RUTH PUBLISHER

251-116622462



251-911636201



enbilta@ethionet.et



SENDEK PRINTING ANDADVERTISING SERVICE PLS

251-116628190



251-116184034



abebeferew@gmail.com



kinfu2006@yahoo.com



STORM IMAGING PRINTING ANDADVERTISING

251-111153012



251-911153012



251-911685468



Stormingigpa@yahoo.com



SUNLIGHT DIGITAL ADVERTISING AND PRINTING

251-911138989



251-967898989



8618588505144



251-923466666



sunlightjovi@gmail.com



SURAFEL PRINTING PRESS

251-118694395



251-114194883



251-911223874



251-930099511



surafel.pp12@yahoo.com



surnat@gmail.com



SYSCOM PLC

251-116183253



251-116610976



251-911226900



251-944732300



info@capitalethiopia.com",,,,,
,,,,,,
,,,,,,
,,,,,,
,,,,,,
,,,,,,
,,,,,,
,,,,,,
,,,,,,
,,,,,,
,"THE DAILY MONITOR

251-111560199



251-111560794



251-111560791



251-111560515



4502



themonitor@ethionet.et



thedailymonitor@gmail.com



monitorads@yahoo.com



www.theafricamonitor.com



TIHITINA PUBLISHING PLC

251-116670272



1178/1110



zomaaddis@gmail.com



UNIVERSAL PRINTING PRESS

251-118690609



HeadOffice



251-118690608



251-111551491PiassaBranch



251-111535725



makplc@ethionet.et



V-NOBLENET PRINTING ANDADVERTIZING

251-118334090



251-911245944



251-911245948



vnoblenet2020@gmail.com",,,,,
,,,,,,
,,,,,,
,,,,,,
,,,,,,
,,,,,,
,,,,,,
,,,,,,
,,,,,,
,,,,,,
,,,,,,
,,,,,,
